D:\Amirhosein\Object_Detection\tag-detection-retinanet\tag-detection-retinanet_MobileNet\dataset\images\02496.jpg,790,364,819,408,tag
D:\Amirhosein\Object_Detection\tag-detection-retinanet\tag-detection-retinanet_MobileNet\dataset\images\06448.jpg,764,329,811,371,tag
D:\Amirhosein\Object_Detection\tag-detection-retinanet\tag-detection-retinanet_MobileNet\dataset\images\00844.jpg,495,224,573,332,tag
D:\Amirhosein\Object_Detection\tag-detection-retinanet\tag-detection-retinanet_MobileNet\dataset\images\06472.jpg,447,287,473,364,tag
D:\Amirhosein\Object_Detection\tag-detection-retinanet\tag-detection-retinanet_MobileNet\dataset\images\05939.jpg,513,443,550,509,tag
D:\Amirhosein\Object_Detection\tag-detection-retinanet\tag-detection-retinanet_MobileNet\dataset\images\02127.jpg,670,346,708,399,tag
D:\Amirhosein\Object_Detection\tag-detection-retinanet\tag-detection-retinanet_MobileNet\dataset\images\02656.jpg,224,423,292,530,tag
D:\Amirhosein\Object_Detection\tag-detection-retinanet\tag-detection-retinanet_MobileNet\dataset\images\01448.jpg,713,272,806,384,tag
D:\Amirhosein\Object_Detection\tag-detection-retinanet\tag-detection-retinanet_MobileNet\dataset\images\06004.jpg,469,348,532,430,tag
D:\Amirhosein\Object_Detection\tag-detection-retinanet\tag-detection-retinanet_MobileNet\dataset\images\04467.jpg,666,462,725,527,tag
D:\Amirhosein\Object_Detection\tag-detection-retinanet\tag-detection-retinanet_MobileNet\dataset\images\01763.jpg,557,282,594,337,tag
D:\Amirhosein\Object_Detection\tag-detection-retinanet\tag-detection-retinanet_MobileNet\dataset\images\03492.jpg,138,4,343,199,tag
D:\Amirhosein\Object_Detection\tag-detection-retinanet\tag-detection-retinanet_MobileNet\dataset\images\05442.jpg,1018,560,1040,601,tag
D:\Amirhosein\Object_Detection\tag-detection-retinanet\tag-detection-retinanet_MobileNet\dataset\images\02467.jpg,1013,334,1053,384,tag
D:\Amirhosein\Object_Detection\tag-detection-retinanet\tag-detection-retinanet_MobileNet\dataset\images\04182.jpg,378,106,517,251,tag
D:\Amirhosein\Object_Detection\tag-detection-retinanet\tag-detection-retinanet_MobileNet\dataset\images\06477.jpg,420,221,449,296,tag
D:\Amirhosein\Object_Detection\tag-detection-retinanet\tag-detection-retinanet_MobileNet\dataset\images\04834.jpg,671,349,729,417,tag
D:\Amirhosein\Object_Detection\tag-detection-retinanet\tag-detection-retinanet_MobileNet\dataset\images\01678.jpg,597,299,623,354,tag
D:\Amirhosein\Object_Detection\tag-detection-retinanet\tag-detection-retinanet_MobileNet\dataset\images\02272.jpg,337,233,439,408,tag
D:\Amirhosein\Object_Detection\tag-detection-retinanet\tag-detection-retinanet_MobileNet\dataset\images\02032.jpg,128,274,212,429,tag
D:\Amirhosein\Object_Detection\tag-detection-retinanet\tag-detection-retinanet_MobileNet\dataset\images\01415.jpg,837,366,891,445,tag
D:\Amirhosein\Object_Detection\tag-detection-retinanet\tag-detection-retinanet_MobileNet\dataset\images\01659.jpg,1001,294,1051,373,tag
D:\Amirhosein\Object_Detection\tag-detection-retinanet\tag-detection-retinanet_MobileNet\dataset\images\00198.jpg,610,241,668,328,tag
D:\Amirhosein\Object_Detection\tag-detection-retinanet\tag-detection-retinanet_MobileNet\dataset\images\03658.jpg,917,136,985,202,tag
D:\Amirhosein\Object_Detection\tag-detection-retinanet\tag-detection-retinanet_MobileNet\dataset\images\06465.jpg,494,354,521,429,tag
D:\Amirhosein\Object_Detection\tag-detection-retinanet\tag-detection-retinanet_MobileNet\dataset\images\01602.jpg,454,1,561,100,tag
D:\Amirhosein\Object_Detection\tag-detection-retinanet\tag-detection-retinanet_MobileNet\dataset\images\05872.jpg,755,415,786,454,tag
D:\Amirhosein\Object_Detection\tag-detection-retinanet\tag-detection-retinanet_MobileNet\dataset\images\00050.jpg,765,204,832,300,tag
D:\Amirhosein\Object_Detection\tag-detection-retinanet\tag-detection-retinanet_MobileNet\dataset\images\04344.jpg,695,432,745,482,tag
D:\Amirhosein\Object_Detection\tag-detection-retinanet\tag-detection-retinanet_MobileNet\dataset\images\04687.jpg,659,323,707,385,tag
D:\Amirhosein\Object_Detection\tag-detection-retinanet\tag-detection-retinanet_MobileNet\dataset\images\06221.jpg,752,331,796,388,tag
D:\Amirhosein\Object_Detection\tag-detection-retinanet\tag-detection-retinanet_MobileNet\dataset\images\00272.jpg,918,338,962,394,tag
D:\Amirhosein\Object_Detection\tag-detection-retinanet\tag-detection-retinanet_MobileNet\dataset\images\05867.jpg,747,422,768,457,tag
D:\Amirhosein\Object_Detection\tag-detection-retinanet\tag-detection-retinanet_MobileNet\dataset\images\06388.jpg,313,142,390,275,tag
D:\Amirhosein\Object_Detection\tag-detection-retinanet\tag-detection-retinanet_MobileNet\dataset\images\01113.jpg,1020,397,1049,445,tag
D:\Amirhosein\Object_Detection\tag-detection-retinanet\tag-detection-retinanet_MobileNet\dataset\images\01536.jpg,829,388,851,434,tag
D:\Amirhosein\Object_Detection\tag-detection-retinanet\tag-detection-retinanet_MobileNet\dataset\images\00067.jpg,535,130,604,277,tag
D:\Amirhosein\Object_Detection\tag-detection-retinanet\tag-detection-retinanet_MobileNet\dataset\images\02613.jpg,752,204,821,254,tag
D:\Amirhosein\Object_Detection\tag-detection-retinanet\tag-detection-retinanet_MobileNet\dataset\images\04053.jpg,551,1,659,117,tag
D:\Amirhosein\Object_Detection\tag-detection-retinanet\tag-detection-retinanet_MobileNet\dataset\images\02869.jpg,249,236,409,416,tag
D:\Amirhosein\Object_Detection\tag-detection-retinanet\tag-detection-retinanet_MobileNet\dataset\images\00171.jpg,899,260,956,333,tag
D:\Amirhosein\Object_Detection\tag-detection-retinanet\tag-detection-retinanet_MobileNet\dataset\images\06672.jpg,719,420,742,462,tag
D:\Amirhosein\Object_Detection\tag-detection-retinanet\tag-detection-retinanet_MobileNet\dataset\images\06262.jpg,456,205,530,305,tag
D:\Amirhosein\Object_Detection\tag-detection-retinanet\tag-detection-retinanet_MobileNet\dataset\images\01641.jpg,1102,306,1147,347,tag
D:\Amirhosein\Object_Detection\tag-detection-retinanet\tag-detection-retinanet_MobileNet\dataset\images\04622.jpg,448,484,541,613,tag
D:\Amirhosein\Object_Detection\tag-detection-retinanet\tag-detection-retinanet_MobileNet\dataset\images\01432.jpg,794,319,864,406,tag
D:\Amirhosein\Object_Detection\tag-detection-retinanet\tag-detection-retinanet_MobileNet\dataset\images\04055.jpg,1025,325,1052,360,tag
D:\Amirhosein\Object_Detection\tag-detection-retinanet\tag-detection-retinanet_MobileNet\dataset\images\04227.jpg,843,407,875,454,tag
D:\Amirhosein\Object_Detection\tag-detection-retinanet\tag-detection-retinanet_MobileNet\dataset\images\04143.jpg,310,331,441,496,tag
D:\Amirhosein\Object_Detection\tag-detection-retinanet\tag-detection-retinanet_MobileNet\dataset\images\01127.jpg,1021,378,1060,423,tag
D:\Amirhosein\Object_Detection\tag-detection-retinanet\tag-detection-retinanet_MobileNet\dataset\images\04453.jpg,789,411,817,468,tag
D:\Amirhosein\Object_Detection\tag-detection-retinanet\tag-detection-retinanet_MobileNet\dataset\images\05218.jpg,533,469,626,580,tag
D:\Amirhosein\Object_Detection\tag-detection-retinanet\tag-detection-retinanet_MobileNet\dataset\images\05732.jpg,724,350,760,397,tag
D:\Amirhosein\Object_Detection\tag-detection-retinanet\tag-detection-retinanet_MobileNet\dataset\images\02763.jpg,584,244,663,321,tag
D:\Amirhosein\Object_Detection\tag-detection-retinanet\tag-detection-retinanet_MobileNet\dataset\images\05554.jpg,603,482,644,565,tag
D:\Amirhosein\Object_Detection\tag-detection-retinanet\tag-detection-retinanet_MobileNet\dataset\images\03527.jpg,814,256,845,317,tag
D:\Amirhosein\Object_Detection\tag-detection-retinanet\tag-detection-retinanet_MobileNet\dataset\images\04045.jpg,707,141,774,227,tag
D:\Amirhosein\Object_Detection\tag-detection-retinanet\tag-detection-retinanet_MobileNet\dataset\images\05963.jpg,472,341,523,440,tag
D:\Amirhosein\Object_Detection\tag-detection-retinanet\tag-detection-retinanet_MobileNet\dataset\images\05331.jpg,601,377,673,450,tag
D:\Amirhosein\Object_Detection\tag-detection-retinanet\tag-detection-retinanet_MobileNet\dataset\images\06478.jpg,422,204,454,284,tag
D:\Amirhosein\Object_Detection\tag-detection-retinanet\tag-detection-retinanet_MobileNet\dataset\images\06210.jpg,824,307,868,363,tag
D:\Amirhosein\Object_Detection\tag-detection-retinanet\tag-detection-retinanet_MobileNet\dataset\images\03519.jpg,839,330,866,386,tag
D:\Amirhosein\Object_Detection\tag-detection-retinanet\tag-detection-retinanet_MobileNet\dataset\images\02622.jpg,588,324,638,385,tag
D:\Amirhosein\Object_Detection\tag-detection-retinanet\tag-detection-retinanet_MobileNet\dataset\images\02400.jpg,469,208,533,305,tag
D:\Amirhosein\Object_Detection\tag-detection-retinanet\tag-detection-retinanet_MobileNet\dataset\images\00777.jpg,358,1,432,78,tag
D:\Amirhosein\Object_Detection\tag-detection-retinanet\tag-detection-retinanet_MobileNet\dataset\images\06014.jpg,425,277,500,369,tag
D:\Amirhosein\Object_Detection\tag-detection-retinanet\tag-detection-retinanet_MobileNet\dataset\images\01101.jpg,1025,413,1053,457,tag
D:\Amirhosein\Object_Detection\tag-detection-retinanet\tag-detection-retinanet_MobileNet\dataset\images\02821.jpg,375,172,504,309,tag
D:\Amirhosein\Object_Detection\tag-detection-retinanet\tag-detection-retinanet_MobileNet\dataset\images\03765.jpg,885,307,927,349,tag
D:\Amirhosein\Object_Detection\tag-detection-retinanet\tag-detection-retinanet_MobileNet\dataset\images\06273.jpg,419,191,525,315,tag
D:\Amirhosein\Object_Detection\tag-detection-retinanet\tag-detection-retinanet_MobileNet\dataset\images\01152.jpg,114,194,241,264,tag
D:\Amirhosein\Object_Detection\tag-detection-retinanet\tag-detection-retinanet_MobileNet\dataset\images\04611.jpg,585,399,659,493,tag
D:\Amirhosein\Object_Detection\tag-detection-retinanet\tag-detection-retinanet_MobileNet\dataset\images\00277.jpg,897,307,943,368,tag
D:\Amirhosein\Object_Detection\tag-detection-retinanet\tag-detection-retinanet_MobileNet\dataset\images\04831.jpg,699,377,745,432,tag
D:\Amirhosein\Object_Detection\tag-detection-retinanet\tag-detection-retinanet_MobileNet\dataset\images\05982.jpg,669,332,721,396,tag
D:\Amirhosein\Object_Detection\tag-detection-retinanet\tag-detection-retinanet_MobileNet\dataset\images\06031.jpg,974,427,1003,470,tag
D:\Amirhosein\Object_Detection\tag-detection-retinanet\tag-detection-retinanet_MobileNet\dataset\images\01703.jpg,563,291,603,345,tag
D:\Amirhosein\Object_Detection\tag-detection-retinanet\tag-detection-retinanet_MobileNet\dataset\images\02332.jpg,667,306,702,348,tag
D:\Amirhosein\Object_Detection\tag-detection-retinanet\tag-detection-retinanet_MobileNet\dataset\images\03853.jpg,307,50,420,183,tag
D:\Amirhosein\Object_Detection\tag-detection-retinanet\tag-detection-retinanet_MobileNet\dataset\images\00176.jpg,862,243,929,336,tag
D:\Amirhosein\Object_Detection\tag-detection-retinanet\tag-detection-retinanet_MobileNet\dataset\images\01074.jpg,398,421,484,538,tag
D:\Amirhosein\Object_Detection\tag-detection-retinanet\tag-detection-retinanet_MobileNet\dataset\images\04326.jpg,876,430,907,469,tag
D:\Amirhosein\Object_Detection\tag-detection-retinanet\tag-detection-retinanet_MobileNet\dataset\images\02082.jpg,542,335,625,468,tag
D:\Amirhosein\Object_Detection\tag-detection-retinanet\tag-detection-retinanet_MobileNet\dataset\images\04031.jpg,896,256,947,314,tag
D:\Amirhosein\Object_Detection\tag-detection-retinanet\tag-detection-retinanet_MobileNet\dataset\images\01381.jpg,478,279,548,349,tag
D:\Amirhosein\Object_Detection\tag-detection-retinanet\tag-detection-retinanet_MobileNet\dataset\images\02030.jpg,158,289,214,431,tag
D:\Amirhosein\Object_Detection\tag-detection-retinanet\tag-detection-retinanet_MobileNet\dataset\images\00887.jpg,694,356,726,400,tag
D:\Amirhosein\Object_Detection\tag-detection-retinanet\tag-detection-retinanet_MobileNet\dataset\images\02682.jpg,1038,308,1080,338,tag
D:\Amirhosein\Object_Detection\tag-detection-retinanet\tag-detection-retinanet_MobileNet\dataset\images\03605.jpg,989,301,1033,347,tag
D:\Amirhosein\Object_Detection\tag-detection-retinanet\tag-detection-retinanet_MobileNet\dataset\images\05591.jpg,666,316,751,397,tag
D:\Amirhosein\Object_Detection\tag-detection-retinanet\tag-detection-retinanet_MobileNet\dataset\images\06650.jpg,888,436,915,478,tag
D:\Amirhosein\Object_Detection\tag-detection-retinanet\tag-detection-retinanet_MobileNet\dataset\images\06608.jpg,537,391,584,438,tag
D:\Amirhosein\Object_Detection\tag-detection-retinanet\tag-detection-retinanet_MobileNet\dataset\images\06369.jpg,634,271,685,341,tag
D:\Amirhosein\Object_Detection\tag-detection-retinanet\tag-detection-retinanet_MobileNet\dataset\images\01227.jpg,749,351,789,410,tag
D:\Amirhosein\Object_Detection\tag-detection-retinanet\tag-detection-retinanet_MobileNet\dataset\images\01732.jpg,873,433,927,494,tag
D:\Amirhosein\Object_Detection\tag-detection-retinanet\tag-detection-retinanet_MobileNet\dataset\images\03103.jpg,244,110,437,290,tag
D:\Amirhosein\Object_Detection\tag-detection-retinanet\tag-detection-retinanet_MobileNet\dataset\images\05335.jpg,584,365,651,437,tag
D:\Amirhosein\Object_Detection\tag-detection-retinanet\tag-detection-retinanet_MobileNet\dataset\images\03705.jpg,813,293,855,350,tag
D:\Amirhosein\Object_Detection\tag-detection-retinanet\tag-detection-retinanet_MobileNet\dataset\images\00961.jpg,488,328,557,428,tag
D:\Amirhosein\Object_Detection\tag-detection-retinanet\tag-detection-retinanet_MobileNet\dataset\images\04124.jpg,727,419,784,488,tag
D:\Amirhosein\Object_Detection\tag-detection-retinanet\tag-detection-retinanet_MobileNet\dataset\images\03753.jpg,836,391,889,454,tag
D:\Amirhosein\Object_Detection\tag-detection-retinanet\tag-detection-retinanet_MobileNet\dataset\images\06675.jpg,704,429,732,468,tag
D:\Amirhosein\Object_Detection\tag-detection-retinanet\tag-detection-retinanet_MobileNet\dataset\images\00553.jpg,857,231,916,293,tag
D:\Amirhosein\Object_Detection\tag-detection-retinanet\tag-detection-retinanet_MobileNet\dataset\images\01120.jpg,871,388,901,423,tag
D:\Amirhosein\Object_Detection\tag-detection-retinanet\tag-detection-retinanet_MobileNet\dataset\images\02646.jpg,404,405,465,486,tag
D:\Amirhosein\Object_Detection\tag-detection-retinanet\tag-detection-retinanet_MobileNet\dataset\images\05415.jpg,817,401,853,438,tag
D:\Amirhosein\Object_Detection\tag-detection-retinanet\tag-detection-retinanet_MobileNet\dataset\images\04475.jpg,596,475,673,560,tag
D:\Amirhosein\Object_Detection\tag-detection-retinanet\tag-detection-retinanet_MobileNet\dataset\images\01889.jpg,446,310,512,408,tag
D:\Amirhosein\Object_Detection\tag-detection-retinanet\tag-detection-retinanet_MobileNet\dataset\images\00348.jpg,607,324,652,375,tag
D:\Amirhosein\Object_Detection\tag-detection-retinanet\tag-detection-retinanet_MobileNet\dataset\images\04795.jpg,934,377,956,408,tag
D:\Amirhosein\Object_Detection\tag-detection-retinanet\tag-detection-retinanet_MobileNet\dataset\images\04840.jpg,494,406,581,501,tag
D:\Amirhosein\Object_Detection\tag-detection-retinanet\tag-detection-retinanet_MobileNet\dataset\images\05333.jpg,591,371,664,448,tag
D:\Amirhosein\Object_Detection\tag-detection-retinanet\tag-detection-retinanet_MobileNet\dataset\images\04226.jpg,851,404,882,449,tag
D:\Amirhosein\Object_Detection\tag-detection-retinanet\tag-detection-retinanet_MobileNet\dataset\images\01102.jpg,767,426,795,458,tag
D:\Amirhosein\Object_Detection\tag-detection-retinanet\tag-detection-retinanet_MobileNet\dataset\images\00813.jpg,1035,344,1064,393,tag
D:\Amirhosein\Object_Detection\tag-detection-retinanet\tag-detection-retinanet_MobileNet\dataset\images\03672.jpg,900,1,956,71,tag
D:\Amirhosein\Object_Detection\tag-detection-retinanet\tag-detection-retinanet_MobileNet\dataset\images\02155.jpg,692,263,761,321,tag
D:\Amirhosein\Object_Detection\tag-detection-retinanet\tag-detection-retinanet_MobileNet\dataset\images\05596.jpg,554,342,636,454,tag
D:\Amirhosein\Object_Detection\tag-detection-retinanet\tag-detection-retinanet_MobileNet\dataset\images\03997.jpg,791,250,856,315,tag
D:\Amirhosein\Object_Detection\tag-detection-retinanet\tag-detection-retinanet_MobileNet\dataset\images\02215.jpg,833,269,883,331,tag
D:\Amirhosein\Object_Detection\tag-detection-retinanet\tag-detection-retinanet_MobileNet\dataset\images\04580.jpg,712,393,749,441,tag
D:\Amirhosein\Object_Detection\tag-detection-retinanet\tag-detection-retinanet_MobileNet\dataset\images\01842.jpg,923,296,976,369,tag
D:\Amirhosein\Object_Detection\tag-detection-retinanet\tag-detection-retinanet_MobileNet\dataset\images\02305.jpg,283,204,391,387,tag
D:\Amirhosein\Object_Detection\tag-detection-retinanet\tag-detection-retinanet_MobileNet\dataset\images\02667.jpg,639,337,682,404,tag
D:\Amirhosein\Object_Detection\tag-detection-retinanet\tag-detection-retinanet_MobileNet\dataset\images\01439.jpg,360,267,443,360,tag
D:\Amirhosein\Object_Detection\tag-detection-retinanet\tag-detection-retinanet_MobileNet\dataset\images\00378.jpg,1,221,99,381,tag
D:\Amirhosein\Object_Detection\tag-detection-retinanet\tag-detection-retinanet_MobileNet\dataset\images\02758.jpg,716,57,799,173,tag
D:\Amirhosein\Object_Detection\tag-detection-retinanet\tag-detection-retinanet_MobileNet\dataset\images\00723.jpg,311,282,399,410,tag
D:\Amirhosein\Object_Detection\tag-detection-retinanet\tag-detection-retinanet_MobileNet\dataset\images\00070.jpg,510,243,582,312,tag
D:\Amirhosein\Object_Detection\tag-detection-retinanet\tag-detection-retinanet_MobileNet\dataset\images\04313.jpg,931,388,960,421,tag
D:\Amirhosein\Object_Detection\tag-detection-retinanet\tag-detection-retinanet_MobileNet\dataset\images\02277.jpg,619,162,706,272,tag
D:\Amirhosein\Object_Detection\tag-detection-retinanet\tag-detection-retinanet_MobileNet\dataset\images\00154.jpg,6,142,140,263,tag
D:\Amirhosein\Object_Detection\tag-detection-retinanet\tag-detection-retinanet_MobileNet\dataset\images\00193.jpg,261,1,333,88,tag
D:\Amirhosein\Object_Detection\tag-detection-retinanet\tag-detection-retinanet_MobileNet\dataset\images\04191.jpg,929,283,974,331,tag
D:\Amirhosein\Object_Detection\tag-detection-retinanet\tag-detection-retinanet_MobileNet\dataset\images\02892.jpg,669,265,749,364,tag
D:\Amirhosein\Object_Detection\tag-detection-retinanet\tag-detection-retinanet_MobileNet\dataset\images\01665.jpg,986,296,1030,368,tag
D:\Amirhosein\Object_Detection\tag-detection-retinanet\tag-detection-retinanet_MobileNet\dataset\images\01345.jpg,982,403,1004,451,tag
D:\Amirhosein\Object_Detection\tag-detection-retinanet\tag-detection-retinanet_MobileNet\dataset\images\03761.jpg,853,282,912,357,tag
D:\Amirhosein\Object_Detection\tag-detection-retinanet\tag-detection-retinanet_MobileNet\dataset\images\05346.jpg,496,252,588,351,tag
D:\Amirhosein\Object_Detection\tag-detection-retinanet\tag-detection-retinanet_MobileNet\dataset\images\06593.jpg,656,395,687,437,tag
D:\Amirhosein\Object_Detection\tag-detection-retinanet\tag-detection-retinanet_MobileNet\dataset\images\04102.jpg,679,175,754,283,tag
D:\Amirhosein\Object_Detection\tag-detection-retinanet\tag-detection-retinanet_MobileNet\dataset\images\01106.jpg,766,422,794,452,tag
D:\Amirhosein\Object_Detection\tag-detection-retinanet\tag-detection-retinanet_MobileNet\dataset\images\06059.jpg,988,413,1025,462,tag
D:\Amirhosein\Object_Detection\tag-detection-retinanet\tag-detection-retinanet_MobileNet\dataset\images\02770.jpg,527,203,611,361,tag
D:\Amirhosein\Object_Detection\tag-detection-retinanet\tag-detection-retinanet_MobileNet\dataset\images\02051.jpg,1,407,154,570,tag
D:\Amirhosein\Object_Detection\tag-detection-retinanet\tag-detection-retinanet_MobileNet\dataset\images\05318.jpg,703,323,753,378,tag
D:\Amirhosein\Object_Detection\tag-detection-retinanet\tag-detection-retinanet_MobileNet\dataset\images\01414.jpg,554,247,612,339,tag
D:\Amirhosein\Object_Detection\tag-detection-retinanet\tag-detection-retinanet_MobileNet\dataset\images\02278.jpg,599,258,701,380,tag
D:\Amirhosein\Object_Detection\tag-detection-retinanet\tag-detection-retinanet_MobileNet\dataset\images\04624.jpg,421,516,519,645,tag
D:\Amirhosein\Object_Detection\tag-detection-retinanet\tag-detection-retinanet_MobileNet\dataset\images\01409.jpg,865,357,919,423,tag
D:\Amirhosein\Object_Detection\tag-detection-retinanet\tag-detection-retinanet_MobileNet\dataset\images\03552.jpg,1086,355,1132,399,tag
D:\Amirhosein\Object_Detection\tag-detection-retinanet\tag-detection-retinanet_MobileNet\dataset\images\06029.jpg,972,431,1001,470,tag
D:\Amirhosein\Object_Detection\tag-detection-retinanet\tag-detection-retinanet_MobileNet\dataset\images\03029.jpg,864,370,901,439,tag
D:\Amirhosein\Object_Detection\tag-detection-retinanet\tag-detection-retinanet_MobileNet\dataset\images\04056.jpg,1015,319,1049,355,tag
D:\Amirhosein\Object_Detection\tag-detection-retinanet\tag-detection-retinanet_MobileNet\dataset\images\00796.jpg,824,342,851,381,tag
D:\Amirhosein\Object_Detection\tag-detection-retinanet\tag-detection-retinanet_MobileNet\dataset\images\02626.jpg,573,317,626,379,tag
D:\Amirhosein\Object_Detection\tag-detection-retinanet\tag-detection-retinanet_MobileNet\dataset\images\01825.jpg,954,288,998,341,tag
D:\Amirhosein\Object_Detection\tag-detection-retinanet\tag-detection-retinanet_MobileNet\dataset\images\01772.jpg,556,287,592,342,tag
D:\Amirhosein\Object_Detection\tag-detection-retinanet\tag-detection-retinanet_MobileNet\dataset\images\01319.jpg,698,128,769,236,tag
D:\Amirhosein\Object_Detection\tag-detection-retinanet\tag-detection-retinanet_MobileNet\dataset\images\03760.jpg,902,319,937,363,tag
D:\Amirhosein\Object_Detection\tag-detection-retinanet\tag-detection-retinanet_MobileNet\dataset\images\01017.jpg,598,410,661,477,tag
D:\Amirhosein\Object_Detection\tag-detection-retinanet\tag-detection-retinanet_MobileNet\dataset\images\00401.jpg,722,325,759,386,tag
D:\Amirhosein\Object_Detection\tag-detection-retinanet\tag-detection-retinanet_MobileNet\dataset\images\05517.jpg,669,418,730,494,tag
D:\Amirhosein\Object_Detection\tag-detection-retinanet\tag-detection-retinanet_MobileNet\dataset\images\06569.jpg,720,314,740,343,tag
D:\Amirhosein\Object_Detection\tag-detection-retinanet\tag-detection-retinanet_MobileNet\dataset\images\06061.jpg,988,412,1025,458,tag
D:\Amirhosein\Object_Detection\tag-detection-retinanet\tag-detection-retinanet_MobileNet\dataset\images\00830.jpg,775,425,804,466,tag
D:\Amirhosein\Object_Detection\tag-detection-retinanet\tag-detection-retinanet_MobileNet\dataset\images\01186.jpg,783,367,829,475,tag
D:\Amirhosein\Object_Detection\tag-detection-retinanet\tag-detection-retinanet_MobileNet\dataset\images\00077.jpg,349,27,431,160,tag
D:\Amirhosein\Object_Detection\tag-detection-retinanet\tag-detection-retinanet_MobileNet\dataset\images\04136.jpg,574,308,660,421,tag
D:\Amirhosein\Object_Detection\tag-detection-retinanet\tag-detection-retinanet_MobileNet\dataset\images\01360.jpg,981,422,1000,460,tag
D:\Amirhosein\Object_Detection\tag-detection-retinanet\tag-detection-retinanet_MobileNet\dataset\images\01803.jpg,573,437,618,505,tag
D:\Amirhosein\Object_Detection\tag-detection-retinanet\tag-detection-retinanet_MobileNet\dataset\images\02347.jpg,620,275,665,320,tag
D:\Amirhosein\Object_Detection\tag-detection-retinanet\tag-detection-retinanet_MobileNet\dataset\images\03274.jpg,707,325,803,451,tag
D:\Amirhosein\Object_Detection\tag-detection-retinanet\tag-detection-retinanet_MobileNet\dataset\images\04419.jpg,714,382,762,456,tag
D:\Amirhosein\Object_Detection\tag-detection-retinanet\tag-detection-retinanet_MobileNet\dataset\images\06693.jpg,611,387,643,449,tag
D:\Amirhosein\Object_Detection\tag-detection-retinanet\tag-detection-retinanet_MobileNet\dataset\images\00843.jpg,768,430,801,472,tag
D:\Amirhosein\Object_Detection\tag-detection-retinanet\tag-detection-retinanet_MobileNet\dataset\images\03937.jpg,123,580,306,720,tag
D:\Amirhosein\Object_Detection\tag-detection-retinanet\tag-detection-retinanet_MobileNet\dataset\images\01999.jpg,688,131,760,220,tag
D:\Amirhosein\Object_Detection\tag-detection-retinanet\tag-detection-retinanet_MobileNet\dataset\images\04968.jpg,877,415,907,445,tag
D:\Amirhosein\Object_Detection\tag-detection-retinanet\tag-detection-retinanet_MobileNet\dataset\images\00069.jpg,503,116,577,261,tag
D:\Amirhosein\Object_Detection\tag-detection-retinanet\tag-detection-retinanet_MobileNet\dataset\images\00681.jpg,469,380,536,470,tag
D:\Amirhosein\Object_Detection\tag-detection-retinanet\tag-detection-retinanet_MobileNet\dataset\images\04251.jpg,654,394,719,471,tag
D:\Amirhosein\Object_Detection\tag-detection-retinanet\tag-detection-retinanet_MobileNet\dataset\images\06601.jpg,599,386,632,433,tag
D:\Amirhosein\Object_Detection\tag-detection-retinanet\tag-detection-retinanet_MobileNet\dataset\images\00392.jpg,772,354,807,395,tag
D:\Amirhosein\Object_Detection\tag-detection-retinanet\tag-detection-retinanet_MobileNet\dataset\images\02403.jpg,405,164,466,274,tag
D:\Amirhosein\Object_Detection\tag-detection-retinanet\tag-detection-retinanet_MobileNet\dataset\images\04823.jpg,834,361,871,401,tag
D:\Amirhosein\Object_Detection\tag-detection-retinanet\tag-detection-retinanet_MobileNet\dataset\images\01315.jpg,723,167,786,265,tag
D:\Amirhosein\Object_Detection\tag-detection-retinanet\tag-detection-retinanet_MobileNet\dataset\images\03084.jpg,360,1,483,130,tag
D:\Amirhosein\Object_Detection\tag-detection-retinanet\tag-detection-retinanet_MobileNet\dataset\images\04635.jpg,191,603,315,720,tag
D:\Amirhosein\Object_Detection\tag-detection-retinanet\tag-detection-retinanet_MobileNet\dataset\images\00302.jpg,634,171,681,270,tag
D:\Amirhosein\Object_Detection\tag-detection-retinanet\tag-detection-retinanet_MobileNet\dataset\images\04311.jpg,937,387,962,426,tag
D:\Amirhosein\Object_Detection\tag-detection-retinanet\tag-detection-retinanet_MobileNet\dataset\images\03576.jpg,249,1,399,129,tag
D:\Amirhosein\Object_Detection\tag-detection-retinanet\tag-detection-retinanet_MobileNet\dataset\images\04471.jpg,627,488,688,559,tag
D:\Amirhosein\Object_Detection\tag-detection-retinanet\tag-detection-retinanet_MobileNet\dataset\images\06668.jpg,742,407,769,450,tag
D:\Amirhosein\Object_Detection\tag-detection-retinanet\tag-detection-retinanet_MobileNet\dataset\images\05323.jpg,673,334,727,399,tag
D:\Amirhosein\Object_Detection\tag-detection-retinanet\tag-detection-retinanet_MobileNet\dataset\images\00073.jpg,433,84,510,214,tag
D:\Amirhosein\Object_Detection\tag-detection-retinanet\tag-detection-retinanet_MobileNet\dataset\images\03471.jpg,571,143,627,217,tag
D:\Amirhosein\Object_Detection\tag-detection-retinanet\tag-detection-retinanet_MobileNet\dataset\images\02755.jpg,832,171,903,255,tag
D:\Amirhosein\Object_Detection\tag-detection-retinanet\tag-detection-retinanet_MobileNet\dataset\images\02390.jpg,647,169,711,291,tag
D:\Amirhosein\Object_Detection\tag-detection-retinanet\tag-detection-retinanet_MobileNet\dataset\images\04556.jpg,811,397,856,453,tag
D:\Amirhosein\Object_Detection\tag-detection-retinanet\tag-detection-retinanet_MobileNet\dataset\images\01904.jpg,429,304,506,414,tag
D:\Amirhosein\Object_Detection\tag-detection-retinanet\tag-detection-retinanet_MobileNet\dataset\images\04921.jpg,627,348,654,438,tag
D:\Amirhosein\Object_Detection\tag-detection-retinanet\tag-detection-retinanet_MobileNet\dataset\images\00803.jpg,820,401,845,440,tag
D:\Amirhosein\Object_Detection\tag-detection-retinanet\tag-detection-retinanet_MobileNet\dataset\images\06624.jpg,382,352,457,461,tag
D:\Amirhosein\Object_Detection\tag-detection-retinanet\tag-detection-retinanet_MobileNet\dataset\images\02185.jpg,489,58,614,182,tag
D:\Amirhosein\Object_Detection\tag-detection-retinanet\tag-detection-retinanet_MobileNet\dataset\images\03713.jpg,784,279,869,370,tag
D:\Amirhosein\Object_Detection\tag-detection-retinanet\tag-detection-retinanet_MobileNet\dataset\images\01839.jpg,558,359,589,413,tag
D:\Amirhosein\Object_Detection\tag-detection-retinanet\tag-detection-retinanet_MobileNet\dataset\images\05901.jpg,559,426,576,476,tag
D:\Amirhosein\Object_Detection\tag-detection-retinanet\tag-detection-retinanet_MobileNet\dataset\images\04264.jpg,364,364,491,475,tag
D:\Amirhosein\Object_Detection\tag-detection-retinanet\tag-detection-retinanet_MobileNet\dataset\images\03411.jpg,598,312,764,501,tag
D:\Amirhosein\Object_Detection\tag-detection-retinanet\tag-detection-retinanet_MobileNet\dataset\images\00823.jpg,991,306,1029,356,tag
D:\Amirhosein\Object_Detection\tag-detection-retinanet\tag-detection-retinanet_MobileNet\dataset\images\05777.jpg,1,185,127,394,tag
D:\Amirhosein\Object_Detection\tag-detection-retinanet\tag-detection-retinanet_MobileNet\dataset\images\00833.jpg,827,269,877,340,tag
D:\Amirhosein\Object_Detection\tag-detection-retinanet\tag-detection-retinanet_MobileNet\dataset\images\03671.jpg,460,81,603,242,tag
D:\Amirhosein\Object_Detection\tag-detection-retinanet\tag-detection-retinanet_MobileNet\dataset\images\01132.jpg,866,393,886,422,tag
D:\Amirhosein\Object_Detection\tag-detection-retinanet\tag-detection-retinanet_MobileNet\dataset\images\04254.jpg,616,414,692,479,tag
D:\Amirhosein\Object_Detection\tag-detection-retinanet\tag-detection-retinanet_MobileNet\dataset\images\03183.jpg,907,242,951,298,tag
D:\Amirhosein\Object_Detection\tag-detection-retinanet\tag-detection-retinanet_MobileNet\dataset\images\01226.jpg,707,398,839,584,tag
D:\Amirhosein\Object_Detection\tag-detection-retinanet\tag-detection-retinanet_MobileNet\dataset\images\02635.jpg,580,63,689,181,tag
D:\Amirhosein\Object_Detection\tag-detection-retinanet\tag-detection-retinanet_MobileNet\dataset\images\02860.jpg,860,332,918,387,tag
D:\Amirhosein\Object_Detection\tag-detection-retinanet\tag-detection-retinanet_MobileNet\dataset\images\00434.jpg,73,4,228,107,tag
D:\Amirhosein\Object_Detection\tag-detection-retinanet\tag-detection-retinanet_MobileNet\dataset\images\03908.jpg,310,356,444,456,tag
D:\Amirhosein\Object_Detection\tag-detection-retinanet\tag-detection-retinanet_MobileNet\dataset\images\04054.jpg,531,1,647,93,tag
D:\Amirhosein\Object_Detection\tag-detection-retinanet\tag-detection-retinanet_MobileNet\dataset\images\04586.jpg,682,416,735,477,tag
D:\Amirhosein\Object_Detection\tag-detection-retinanet\tag-detection-retinanet_MobileNet\dataset\images\03708.jpg,803,279,856,337,tag
D:\Amirhosein\Object_Detection\tag-detection-retinanet\tag-detection-retinanet_MobileNet\dataset\images\00747.jpg,610,296,655,338,tag
D:\Amirhosein\Object_Detection\tag-detection-retinanet\tag-detection-retinanet_MobileNet\dataset\images\02025.jpg,645,354,715,463,tag
D:\Amirhosein\Object_Detection\tag-detection-retinanet\tag-detection-retinanet_MobileNet\dataset\images\05986.jpg,640,327,690,393,tag
D:\Amirhosein\Object_Detection\tag-detection-retinanet\tag-detection-retinanet_MobileNet\dataset\images\04038.jpg,822,184,883,261,tag
D:\Amirhosein\Object_Detection\tag-detection-retinanet\tag-detection-retinanet_MobileNet\dataset\images\04180.jpg,430,151,557,283,tag
D:\Amirhosein\Object_Detection\tag-detection-retinanet\tag-detection-retinanet_MobileNet\dataset\images\02570.jpg,711,356,753,401,tag
D:\Amirhosein\Object_Detection\tag-detection-retinanet\tag-detection-retinanet_MobileNet\dataset\images\02274.jpg,637,162,721,266,tag
D:\Amirhosein\Object_Detection\tag-detection-retinanet\tag-detection-retinanet_MobileNet\dataset\images\00405.jpg,695,336,739,396,tag
D:\Amirhosein\Object_Detection\tag-detection-retinanet\tag-detection-retinanet_MobileNet\dataset\images\00790.jpg,841,349,868,384,tag
D:\Amirhosein\Object_Detection\tag-detection-retinanet\tag-detection-retinanet_MobileNet\dataset\images\02769.jpg,544,246,631,336,tag
D:\Amirhosein\Object_Detection\tag-detection-retinanet\tag-detection-retinanet_MobileNet\dataset\images\01832.jpg,557,355,588,406,tag
D:\Amirhosein\Object_Detection\tag-detection-retinanet\tag-detection-retinanet_MobileNet\dataset\images\02417.jpg,14,1,110,119,tag
D:\Amirhosein\Object_Detection\tag-detection-retinanet\tag-detection-retinanet_MobileNet\dataset\images\04446.jpg,815,428,857,479,tag
D:\Amirhosein\Object_Detection\tag-detection-retinanet\tag-detection-retinanet_MobileNet\dataset\images\02214.jpg,884,277,929,338,tag
D:\Amirhosein\Object_Detection\tag-detection-retinanet\tag-detection-retinanet_MobileNet\dataset\images\00898.jpg,623,370,664,423,tag
D:\Amirhosein\Object_Detection\tag-detection-retinanet\tag-detection-retinanet_MobileNet\dataset\images\01317.jpg,709,142,777,251,tag
D:\Amirhosein\Object_Detection\tag-detection-retinanet\tag-detection-retinanet_MobileNet\dataset\images\00387.jpg,158,1,258,88,tag
D:\Amirhosein\Object_Detection\tag-detection-retinanet\tag-detection-retinanet_MobileNet\dataset\images\04361.jpg,538,399,624,496,tag
D:\Amirhosein\Object_Detection\tag-detection-retinanet\tag-detection-retinanet_MobileNet\dataset\images\02505.jpg,881,246,929,308,tag
D:\Amirhosein\Object_Detection\tag-detection-retinanet\tag-detection-retinanet_MobileNet\dataset\images\01396.jpg,444,275,521,365,tag
D:\Amirhosein\Object_Detection\tag-detection-retinanet\tag-detection-retinanet_MobileNet\dataset\images\03549.jpg,704,206,769,270,tag
D:\Amirhosein\Object_Detection\tag-detection-retinanet\tag-detection-retinanet_MobileNet\dataset\images\01545.jpg,593,23,694,157,tag
D:\Amirhosein\Object_Detection\tag-detection-retinanet\tag-detection-retinanet_MobileNet\dataset\images\02922.jpg,728,312,783,376,tag
D:\Amirhosein\Object_Detection\tag-detection-retinanet\tag-detection-retinanet_MobileNet\dataset\images\00002.jpg,560,246,618,345,tag
D:\Amirhosein\Object_Detection\tag-detection-retinanet\tag-detection-retinanet_MobileNet\dataset\images\02098.jpg,744,330,777,375,tag
D:\Amirhosein\Object_Detection\tag-detection-retinanet\tag-detection-retinanet_MobileNet\dataset\images\01997.jpg,703,133,779,220,tag
D:\Amirhosein\Object_Detection\tag-detection-retinanet\tag-detection-retinanet_MobileNet\dataset\images\03985.jpg,866,268,920,324,tag
D:\Amirhosein\Object_Detection\tag-detection-retinanet\tag-detection-retinanet_MobileNet\dataset\images\04098.jpg,711,206,773,278,tag
D:\Amirhosein\Object_Detection\tag-detection-retinanet\tag-detection-retinanet_MobileNet\dataset\images\03227.jpg,689,52,763,112,tag
D:\Amirhosein\Object_Detection\tag-detection-retinanet\tag-detection-retinanet_MobileNet\dataset\images\00596.jpg,510,259,575,334,tag
D:\Amirhosein\Object_Detection\tag-detection-retinanet\tag-detection-retinanet_MobileNet\dataset\images\00769.jpg,482,211,565,282,tag
D:\Amirhosein\Object_Detection\tag-detection-retinanet\tag-detection-retinanet_MobileNet\dataset\images\01681.jpg,865,233,922,324,tag
D:\Amirhosein\Object_Detection\tag-detection-retinanet\tag-detection-retinanet_MobileNet\dataset\images\02705.jpg,882,200,949,260,tag
D:\Amirhosein\Object_Detection\tag-detection-retinanet\tag-detection-retinanet_MobileNet\dataset\images\03079.jpg,289,9,392,248,tag
D:\Amirhosein\Object_Detection\tag-detection-retinanet\tag-detection-retinanet_MobileNet\dataset\images\04818.jpg,852,375,884,414,tag
D:\Amirhosein\Object_Detection\tag-detection-retinanet\tag-detection-retinanet_MobileNet\dataset\images\04695.jpg,534,416,625,523,tag
D:\Amirhosein\Object_Detection\tag-detection-retinanet\tag-detection-retinanet_MobileNet\dataset\images\03837.jpg,613,321,702,418,tag
D:\Amirhosein\Object_Detection\tag-detection-retinanet\tag-detection-retinanet_MobileNet\dataset\images\03885.jpg,391,160,501,258,tag
D:\Amirhosein\Object_Detection\tag-detection-retinanet\tag-detection-retinanet_MobileNet\dataset\images\04900.jpg,660,392,696,463,tag
D:\Amirhosein\Object_Detection\tag-detection-retinanet\tag-detection-retinanet_MobileNet\dataset\images\00232.jpg,622,188,701,301,tag
D:\Amirhosein\Object_Detection\tag-detection-retinanet\tag-detection-retinanet_MobileNet\dataset\images\02177.jpg,564,225,617,276,tag
D:\Amirhosein\Object_Detection\tag-detection-retinanet\tag-detection-retinanet_MobileNet\dataset\images\03489.jpg,181,64,394,234,tag
D:\Amirhosein\Object_Detection\tag-detection-retinanet\tag-detection-retinanet_MobileNet\dataset\images\06452.jpg,716,351,759,419,tag
D:\Amirhosein\Object_Detection\tag-detection-retinanet\tag-detection-retinanet_MobileNet\dataset\images\03728.jpg,520,133,648,268,tag
D:\Amirhosein\Object_Detection\tag-detection-retinanet\tag-detection-retinanet_MobileNet\dataset\images\00231.jpg,582,217,645,297,tag
D:\Amirhosein\Object_Detection\tag-detection-retinanet\tag-detection-retinanet_MobileNet\dataset\images\05459.jpg,908,510,929,559,tag
D:\Amirhosein\Object_Detection\tag-detection-retinanet\tag-detection-retinanet_MobileNet\dataset\images\04362.jpg,525,417,610,494,tag
D:\Amirhosein\Object_Detection\tag-detection-retinanet\tag-detection-retinanet_MobileNet\dataset\images\04616.jpg,534,432,614,538,tag
D:\Amirhosein\Object_Detection\tag-detection-retinanet\tag-detection-retinanet_MobileNet\dataset\images\04806.jpg,925,375,958,406,tag
D:\Amirhosein\Object_Detection\tag-detection-retinanet\tag-detection-retinanet_MobileNet\dataset\images\02170.jpg,634,140,713,231,tag
D:\Amirhosein\Object_Detection\tag-detection-retinanet\tag-detection-retinanet_MobileNet\dataset\images\05475.jpg,895,462,939,507,tag
D:\Amirhosein\Object_Detection\tag-detection-retinanet\tag-detection-retinanet_MobileNet\dataset\images\00486.jpg,752,414,790,460,tag
D:\Amirhosein\Object_Detection\tag-detection-retinanet\tag-detection-retinanet_MobileNet\dataset\images\04115.jpg,866,320,914,371,tag
D:\Amirhosein\Object_Detection\tag-detection-retinanet\tag-detection-retinanet_MobileNet\dataset\images\05354.jpg,336,236,466,364,tag
D:\Amirhosein\Object_Detection\tag-detection-retinanet\tag-detection-retinanet_MobileNet\dataset\images\01586.jpg,671,353,709,407,tag
D:\Amirhosein\Object_Detection\tag-detection-retinanet\tag-detection-retinanet_MobileNet\dataset\images\04970.jpg,877,420,904,450,tag
D:\Amirhosein\Object_Detection\tag-detection-retinanet\tag-detection-retinanet_MobileNet\dataset\images\01895.jpg,433,304,506,404,tag
D:\Amirhosein\Object_Detection\tag-detection-retinanet\tag-detection-retinanet_MobileNet\dataset\images\03550.jpg,731,215,795,270,tag
D:\Amirhosein\Object_Detection\tag-detection-retinanet\tag-detection-retinanet_MobileNet\dataset\images\04325.jpg,884,423,911,466,tag
D:\Amirhosein\Object_Detection\tag-detection-retinanet\tag-detection-retinanet_MobileNet\dataset\images\03251.jpg,729,81,793,146,tag
D:\Amirhosein\Object_Detection\tag-detection-retinanet\tag-detection-retinanet_MobileNet\dataset\images\06274.jpg,403,169,510,297,tag
D:\Amirhosein\Object_Detection\tag-detection-retinanet\tag-detection-retinanet_MobileNet\dataset\images\02228.jpg,403,163,453,237,tag
D:\Amirhosein\Object_Detection\tag-detection-retinanet\tag-detection-retinanet_MobileNet\dataset\images\04169.jpg,624,315,707,397,tag
D:\Amirhosein\Object_Detection\tag-detection-retinanet\tag-detection-retinanet_MobileNet\dataset\images\00513.jpg,714,404,758,455,tag
D:\Amirhosein\Object_Detection\tag-detection-retinanet\tag-detection-retinanet_MobileNet\dataset\images\06684.jpg,688,400,724,453,tag
D:\Amirhosein\Object_Detection\tag-detection-retinanet\tag-detection-retinanet_MobileNet\dataset\images\02147.jpg,808,248,870,317,tag
D:\Amirhosein\Object_Detection\tag-detection-retinanet\tag-detection-retinanet_MobileNet\dataset\images\00097.jpg,131,7,241,108,tag
D:\Amirhosein\Object_Detection\tag-detection-retinanet\tag-detection-retinanet_MobileNet\dataset\images\04354.jpg,634,407,701,488,tag
D:\Amirhosein\Object_Detection\tag-detection-retinanet\tag-detection-retinanet_MobileNet\dataset\images\03433.jpg,814,252,886,321,tag
D:\Amirhosein\Object_Detection\tag-detection-retinanet\tag-detection-retinanet_MobileNet\dataset\images\03863.jpg,540,25,622,106,tag
D:\Amirhosein\Object_Detection\tag-detection-retinanet\tag-detection-retinanet_MobileNet\dataset\images\03865.jpg,516,34,600,126,tag
D:\Amirhosein\Object_Detection\tag-detection-retinanet\tag-detection-retinanet_MobileNet\dataset\images\01704.jpg,672,176,743,287,tag
D:\Amirhosein\Object_Detection\tag-detection-retinanet\tag-detection-retinanet_MobileNet\dataset\images\05760.jpg,464,335,527,423,tag
D:\Amirhosein\Object_Detection\tag-detection-retinanet\tag-detection-retinanet_MobileNet\dataset\images\01692.jpg,775,210,836,308,tag
D:\Amirhosein\Object_Detection\tag-detection-retinanet\tag-detection-retinanet_MobileNet\dataset\images\00974.jpg,598,455,643,513,tag
D:\Amirhosein\Object_Detection\tag-detection-retinanet\tag-detection-retinanet_MobileNet\dataset\images\00824.jpg,984,321,1022,368,tag
D:\Amirhosein\Object_Detection\tag-detection-retinanet\tag-detection-retinanet_MobileNet\dataset\images\01213.jpg,767,381,804,427,tag
D:\Amirhosein\Object_Detection\tag-detection-retinanet\tag-detection-retinanet_MobileNet\dataset\images\02764.jpg,562,219,647,369,tag
D:\Amirhosein\Object_Detection\tag-detection-retinanet\tag-detection-retinanet_MobileNet\dataset\images\01218.jpg,764,373,869,514,tag
D:\Amirhosein\Object_Detection\tag-detection-retinanet\tag-detection-retinanet_MobileNet\dataset\images\00835.jpg,774,212,829,274,tag
D:\Amirhosein\Object_Detection\tag-detection-retinanet\tag-detection-retinanet_MobileNet\dataset\images\03808.jpg,400,202,513,351,tag
D:\Amirhosein\Object_Detection\tag-detection-retinanet\tag-detection-retinanet_MobileNet\dataset\images\00222.jpg,803,221,865,314,tag
D:\Amirhosein\Object_Detection\tag-detection-retinanet\tag-detection-retinanet_MobileNet\dataset\images\06678.jpg,701,421,734,466,tag
D:\Amirhosein\Object_Detection\tag-detection-retinanet\tag-detection-retinanet_MobileNet\dataset\images\02506.jpg,675,291,738,335,tag
D:\Amirhosein\Object_Detection\tag-detection-retinanet\tag-detection-retinanet_MobileNet\dataset\images\05433.jpg,515,485,601,608,tag
D:\Amirhosein\Object_Detection\tag-detection-retinanet\tag-detection-retinanet_MobileNet\dataset\images\00082.jpg,250,1,348,99,tag
D:\Amirhosein\Object_Detection\tag-detection-retinanet\tag-detection-retinanet_MobileNet\dataset\images\02158.jpg,668,241,738,305,tag
D:\Amirhosein\Object_Detection\tag-detection-retinanet\tag-detection-retinanet_MobileNet\dataset\images\05755.jpg,530,317,582,399,tag
D:\Amirhosein\Object_Detection\tag-detection-retinanet\tag-detection-retinanet_MobileNet\dataset\images\05371.jpg,856,432,898,475,tag
D:\Amirhosein\Object_Detection\tag-detection-retinanet\tag-detection-retinanet_MobileNet\dataset\images\02884.jpg,764,276,849,346,tag
D:\Amirhosein\Object_Detection\tag-detection-retinanet\tag-detection-retinanet_MobileNet\dataset\images\03164.jpg,1,41,97,306,tag
D:\Amirhosein\Object_Detection\tag-detection-retinanet\tag-detection-retinanet_MobileNet\dataset\images\02696.jpg,926,289,977,343,tag
D:\Amirhosein\Object_Detection\tag-detection-retinanet\tag-detection-retinanet_MobileNet\dataset\images\02367.jpg,98,126,236,356,tag
D:\Amirhosein\Object_Detection\tag-detection-retinanet\tag-detection-retinanet_MobileNet\dataset\images\03158.jpg,36,34,325,321,tag
D:\Amirhosein\Object_Detection\tag-detection-retinanet\tag-detection-retinanet_MobileNet\dataset\images\06633.jpg,13,187,135,366,tag
D:\Amirhosein\Object_Detection\tag-detection-retinanet\tag-detection-retinanet_MobileNet\dataset\images\02055.jpg,1,378,116,536,tag
D:\Amirhosein\Object_Detection\tag-detection-retinanet\tag-detection-retinanet_MobileNet\dataset\images\04737.jpg,937,597,987,652,tag
D:\Amirhosein\Object_Detection\tag-detection-retinanet\tag-detection-retinanet_MobileNet\dataset\images\00576.jpg,544,267,591,341,tag
D:\Amirhosein\Object_Detection\tag-detection-retinanet\tag-detection-retinanet_MobileNet\dataset\images\03279.jpg,438,303,572,516,tag
D:\Amirhosein\Object_Detection\tag-detection-retinanet\tag-detection-retinanet_MobileNet\dataset\images\04114.jpg,877,321,924,371,tag
D:\Amirhosein\Object_Detection\tag-detection-retinanet\tag-detection-retinanet_MobileNet\dataset\images\05429.jpg,662,336,718,413,tag
D:\Amirhosein\Object_Detection\tag-detection-retinanet\tag-detection-retinanet_MobileNet\dataset\images\02335.jpg,864,232,935,316,tag
D:\Amirhosein\Object_Detection\tag-detection-retinanet\tag-detection-retinanet_MobileNet\dataset\images\01594.jpg,644,342,682,395,tag
D:\Amirhosein\Object_Detection\tag-detection-retinanet\tag-detection-retinanet_MobileNet\dataset\images\01849.jpg,504,369,560,445,tag
D:\Amirhosein\Object_Detection\tag-detection-retinanet\tag-detection-retinanet_MobileNet\dataset\images\03629.jpg,853,262,908,326,tag
D:\Amirhosein\Object_Detection\tag-detection-retinanet\tag-detection-retinanet_MobileNet\dataset\images\04643.jpg,3,517,106,720,tag
D:\Amirhosein\Object_Detection\tag-detection-retinanet\tag-detection-retinanet_MobileNet\dataset\images\02881.jpg,950,422,993,468,tag
D:\Amirhosein\Object_Detection\tag-detection-retinanet\tag-detection-retinanet_MobileNet\dataset\images\00886.jpg,701,362,733,407,tag
D:\Amirhosein\Object_Detection\tag-detection-retinanet\tag-detection-retinanet_MobileNet\dataset\images\02509.jpg,866,208,926,279,tag
D:\Amirhosein\Object_Detection\tag-detection-retinanet\tag-detection-retinanet_MobileNet\dataset\images\01077.jpg,1088,408,1114,449,tag
D:\Amirhosein\Object_Detection\tag-detection-retinanet\tag-detection-retinanet_MobileNet\dataset\images\03311.jpg,882,305,917,350,tag
D:\Amirhosein\Object_Detection\tag-detection-retinanet\tag-detection-retinanet_MobileNet\dataset\images\03779.jpg,794,294,855,363,tag
D:\Amirhosein\Object_Detection\tag-detection-retinanet\tag-detection-retinanet_MobileNet\dataset\images\02710.jpg,798,217,872,289,tag
D:\Amirhosein\Object_Detection\tag-detection-retinanet\tag-detection-retinanet_MobileNet\dataset\images\02589.jpg,850,277,897,330,tag
D:\Amirhosein\Object_Detection\tag-detection-retinanet\tag-detection-retinanet_MobileNet\dataset\images\01423.jpg,806,349,871,429,tag
D:\Amirhosein\Object_Detection\tag-detection-retinanet\tag-detection-retinanet_MobileNet\dataset\images\02179.jpg,563,35,658,145,tag
D:\Amirhosein\Object_Detection\tag-detection-retinanet\tag-detection-retinanet_MobileNet\dataset\images\00683.jpg,458,367,529,464,tag
D:\Amirhosein\Object_Detection\tag-detection-retinanet\tag-detection-retinanet_MobileNet\dataset\images\00542.jpg,218,126,272,228,tag
D:\Amirhosein\Object_Detection\tag-detection-retinanet\tag-detection-retinanet_MobileNet\dataset\images\00840.jpg,572,220,649,318,tag
D:\Amirhosein\Object_Detection\tag-detection-retinanet\tag-detection-retinanet_MobileNet\dataset\images\06045.jpg,986,420,1018,467,tag
D:\Amirhosein\Object_Detection\tag-detection-retinanet\tag-detection-retinanet_MobileNet\dataset\images\01041.jpg,153,173,217,314,tag
D:\Amirhosein\Object_Detection\tag-detection-retinanet\tag-detection-retinanet_MobileNet\dataset\images\00916.jpg,511,300,579,378,tag
D:\Amirhosein\Object_Detection\tag-detection-retinanet\tag-detection-retinanet_MobileNet\dataset\images\04255.jpg,596,409,673,486,tag
D:\Amirhosein\Object_Detection\tag-detection-retinanet\tag-detection-retinanet_MobileNet\dataset\images\03967.jpg,714,290,790,369,tag
D:\Amirhosein\Object_Detection\tag-detection-retinanet\tag-detection-retinanet_MobileNet\dataset\images\06217.jpg,780,336,819,378,tag
D:\Amirhosein\Object_Detection\tag-detection-retinanet\tag-detection-retinanet_MobileNet\dataset\images\03153.jpg,153,8,445,249,tag
D:\Amirhosein\Object_Detection\tag-detection-retinanet\tag-detection-retinanet_MobileNet\dataset\images\03514.jpg,878,362,905,421,tag
D:\Amirhosein\Object_Detection\tag-detection-retinanet\tag-detection-retinanet_MobileNet\dataset\images\01188.jpg,777,384,832,486,tag
D:\Amirhosein\Object_Detection\tag-detection-retinanet\tag-detection-retinanet_MobileNet\dataset\images\06671.jpg,722,416,748,459,tag
D:\Amirhosein\Object_Detection\tag-detection-retinanet\tag-detection-retinanet_MobileNet\dataset\images\03426.jpg,868,325,924,380,tag
D:\Amirhosein\Object_Detection\tag-detection-retinanet\tag-detection-retinanet_MobileNet\dataset\images\01866.jpg,556,382,589,439,tag
D:\Amirhosein\Object_Detection\tag-detection-retinanet\tag-detection-retinanet_MobileNet\dataset\images\04478.jpg,577,479,660,577,tag
D:\Amirhosein\Object_Detection\tag-detection-retinanet\tag-detection-retinanet_MobileNet\dataset\images\03035.jpg,843,367,888,451,tag
D:\Amirhosein\Object_Detection\tag-detection-retinanet\tag-detection-retinanet_MobileNet\dataset\images\01007.jpg,373,214,449,316,tag
D:\Amirhosein\Object_Detection\tag-detection-retinanet\tag-detection-retinanet_MobileNet\dataset\images\05465.jpg,908,471,936,508,tag
D:\Amirhosein\Object_Detection\tag-detection-retinanet\tag-detection-retinanet_MobileNet\dataset\images\01045.jpg,148,230,249,385,tag
D:\Amirhosein\Object_Detection\tag-detection-retinanet\tag-detection-retinanet_MobileNet\dataset\images\03340.jpg,881,288,953,354,tag
D:\Amirhosein\Object_Detection\tag-detection-retinanet\tag-detection-retinanet_MobileNet\dataset\images\00874.jpg,777,375,809,414,tag
D:\Amirhosein\Object_Detection\tag-detection-retinanet\tag-detection-retinanet_MobileNet\dataset\images\03890.jpg,731,101,806,195,tag
D:\Amirhosein\Object_Detection\tag-detection-retinanet\tag-detection-retinanet_MobileNet\dataset\images\04050.jpg,617,65,704,180,tag
D:\Amirhosein\Object_Detection\tag-detection-retinanet\tag-detection-retinanet_MobileNet\dataset\images\00183.jpg,838,78,916,186,tag
D:\Amirhosein\Object_Detection\tag-detection-retinanet\tag-detection-retinanet_MobileNet\dataset\images\00350.jpg,429,110,512,213,tag
D:\Amirhosein\Object_Detection\tag-detection-retinanet\tag-detection-retinanet_MobileNet\dataset\images\01956.jpg,692,383,762,478,tag
D:\Amirhosein\Object_Detection\tag-detection-retinanet\tag-detection-retinanet_MobileNet\dataset\images\01029.jpg,575,406,643,483,tag
D:\Amirhosein\Object_Detection\tag-detection-retinanet\tag-detection-retinanet_MobileNet\dataset\images\04116.jpg,853,322,903,378,tag
D:\Amirhosein\Object_Detection\tag-detection-retinanet\tag-detection-retinanet_MobileNet\dataset\images\05036.jpg,659,423,701,500,tag
D:\Amirhosein\Object_Detection\tag-detection-retinanet\tag-detection-retinanet_MobileNet\dataset\images\00122.jpg,871,266,941,336,tag
D:\Amirhosein\Object_Detection\tag-detection-retinanet\tag-detection-retinanet_MobileNet\dataset\images\00883.jpg,719,378,752,418,tag
D:\Amirhosein\Object_Detection\tag-detection-retinanet\tag-detection-retinanet_MobileNet\dataset\images\00708.jpg,250,132,325,254,tag
D:\Amirhosein\Object_Detection\tag-detection-retinanet\tag-detection-retinanet_MobileNet\dataset\images\02932.jpg,617,349,695,430,tag
D:\Amirhosein\Object_Detection\tag-detection-retinanet\tag-detection-retinanet_MobileNet\dataset\images\05462.jpg,896,497,913,534,tag
D:\Amirhosein\Object_Detection\tag-detection-retinanet\tag-detection-retinanet_MobileNet\dataset\images\01194.jpg,773,389,835,506,tag
D:\Amirhosein\Object_Detection\tag-detection-retinanet\tag-detection-retinanet_MobileNet\dataset\images\00608.jpg,491,386,555,441,tag
D:\Amirhosein\Object_Detection\tag-detection-retinanet\tag-detection-retinanet_MobileNet\dataset\images\02549.jpg,544,293,609,368,tag
D:\Amirhosein\Object_Detection\tag-detection-retinanet\tag-detection-retinanet_MobileNet\dataset\images\04420.jpg,697,388,759,479,tag
D:\Amirhosein\Object_Detection\tag-detection-retinanet\tag-detection-retinanet_MobileNet\dataset\images\02902.jpg,475,133,577,267,tag
D:\Amirhosein\Object_Detection\tag-detection-retinanet\tag-detection-retinanet_MobileNet\dataset\images\00700.jpg,412,329,490,432,tag
D:\Amirhosein\Object_Detection\tag-detection-retinanet\tag-detection-retinanet_MobileNet\dataset\images\03788.jpg,627,326,698,429,tag
D:\Amirhosein\Object_Detection\tag-detection-retinanet\tag-detection-retinanet_MobileNet\dataset\images\00299.jpg,608,346,643,385,tag
D:\Amirhosein\Object_Detection\tag-detection-retinanet\tag-detection-retinanet_MobileNet\dataset\images\01460.jpg,305,231,375,313,tag
D:\Amirhosein\Object_Detection\tag-detection-retinanet\tag-detection-retinanet_MobileNet\dataset\images\06053.jpg,988,419,1025,467,tag
D:\Amirhosein\Object_Detection\tag-detection-retinanet\tag-detection-retinanet_MobileNet\dataset\images\05850.jpg,756,417,774,443,tag
D:\Amirhosein\Object_Detection\tag-detection-retinanet\tag-detection-retinanet_MobileNet\dataset\images\01724.jpg,576,303,614,360,tag
D:\Amirhosein\Object_Detection\tag-detection-retinanet\tag-detection-retinanet_MobileNet\dataset\images\01401.jpg,885,344,937,401,tag
D:\Amirhosein\Object_Detection\tag-detection-retinanet\tag-detection-retinanet_MobileNet\dataset\images\01042.jpg,177,254,255,407,tag
D:\Amirhosein\Object_Detection\tag-detection-retinanet\tag-detection-retinanet_MobileNet\dataset\images\04231.jpg,808,422,848,463,tag
D:\Amirhosein\Object_Detection\tag-detection-retinanet\tag-detection-retinanet_MobileNet\dataset\images\02482.jpg,658,139,744,256,tag
D:\Amirhosein\Object_Detection\tag-detection-retinanet\tag-detection-retinanet_MobileNet\dataset\images\02662.jpg,782,318,847,388,tag
D:\Amirhosein\Object_Detection\tag-detection-retinanet\tag-detection-retinanet_MobileNet\dataset\images\06646.jpg,904,435,932,475,tag
D:\Amirhosein\Object_Detection\tag-detection-retinanet\tag-detection-retinanet_MobileNet\dataset\images\01973.jpg,375,337,483,473,tag
D:\Amirhosein\Object_Detection\tag-detection-retinanet\tag-detection-retinanet_MobileNet\dataset\images\00677.jpg,1,381,67,533,tag
D:\Amirhosein\Object_Detection\tag-detection-retinanet\tag-detection-retinanet_MobileNet\dataset\images\04262.jpg,445,366,554,474,tag
D:\Amirhosein\Object_Detection\tag-detection-retinanet\tag-detection-retinanet_MobileNet\dataset\images\01267.jpg,975,326,1019,376,tag
D:\Amirhosein\Object_Detection\tag-detection-retinanet\tag-detection-retinanet_MobileNet\dataset\images\02804.jpg,732,184,786,278,tag
D:\Amirhosein\Object_Detection\tag-detection-retinanet\tag-detection-retinanet_MobileNet\dataset\images\03734.jpg,287,2,390,101,tag
D:\Amirhosein\Object_Detection\tag-detection-retinanet\tag-detection-retinanet_MobileNet\dataset\images\06681.jpg,692,412,725,461,tag
D:\Amirhosein\Object_Detection\tag-detection-retinanet\tag-detection-retinanet_MobileNet\dataset\images\00949.jpg,521,338,586,421,tag
D:\Amirhosein\Object_Detection\tag-detection-retinanet\tag-detection-retinanet_MobileNet\dataset\images\01230.jpg,611,430,734,662,tag
D:\Amirhosein\Object_Detection\tag-detection-retinanet\tag-detection-retinanet_MobileNet\dataset\images\05852.jpg,748,428,766,457,tag
D:\Amirhosein\Object_Detection\tag-detection-retinanet\tag-detection-retinanet_MobileNet\dataset\images\00262.jpg,330,18,456,141,tag
D:\Amirhosein\Object_Detection\tag-detection-retinanet\tag-detection-retinanet_MobileNet\dataset\images\05468.jpg,919,425,962,464,tag
D:\Amirhosein\Object_Detection\tag-detection-retinanet\tag-detection-retinanet_MobileNet\dataset\images\02871.jpg,191,105,338,328,tag
D:\Amirhosein\Object_Detection\tag-detection-retinanet\tag-detection-retinanet_MobileNet\dataset\images\00858.jpg,542,393,590,475,tag
D:\Amirhosein\Object_Detection\tag-detection-retinanet\tag-detection-retinanet_MobileNet\dataset\images\02501.jpg,895,272,945,338,tag
D:\Amirhosein\Object_Detection\tag-detection-retinanet\tag-detection-retinanet_MobileNet\dataset\images\05770.jpg,287,297,345,438,tag
D:\Amirhosein\Object_Detection\tag-detection-retinanet\tag-detection-retinanet_MobileNet\dataset\images\04889.jpg,678,544,710,607,tag
D:\Amirhosein\Object_Detection\tag-detection-retinanet\tag-detection-retinanet_MobileNet\dataset\images\01779.jpg,555,290,591,343,tag
D:\Amirhosein\Object_Detection\tag-detection-retinanet\tag-detection-retinanet_MobileNet\dataset\images\04609.jpg,597,395,670,482,tag
D:\Amirhosein\Object_Detection\tag-detection-retinanet\tag-detection-retinanet_MobileNet\dataset\images\03600.jpg,997,298,1044,348,tag
D:\Amirhosein\Object_Detection\tag-detection-retinanet\tag-detection-retinanet_MobileNet\dataset\images\01496.jpg,127,158,225,358,tag
D:\Amirhosein\Object_Detection\tag-detection-retinanet\tag-detection-retinanet_MobileNet\dataset\images\02531.jpg,596,272,660,352,tag
D:\Amirhosein\Object_Detection\tag-detection-retinanet\tag-detection-retinanet_MobileNet\dataset\images\00361.jpg,539,259,592,326,tag
D:\Amirhosein\Object_Detection\tag-detection-retinanet\tag-detection-retinanet_MobileNet\dataset\images\00471.jpg,476,72,567,188,tag
D:\Amirhosein\Object_Detection\tag-detection-retinanet\tag-detection-retinanet_MobileNet\dataset\images\03969.jpg,663,269,745,351,tag
D:\Amirhosein\Object_Detection\tag-detection-retinanet\tag-detection-retinanet_MobileNet\dataset\images\01264.jpg,697,326,743,383,tag
D:\Amirhosein\Object_Detection\tag-detection-retinanet\tag-detection-retinanet_MobileNet\dataset\images\01742.jpg,562,289,600,340,tag
D:\Amirhosein\Object_Detection\tag-detection-retinanet\tag-detection-retinanet_MobileNet\dataset\images\05559.jpg,518,491,572,580,tag
D:\Amirhosein\Object_Detection\tag-detection-retinanet\tag-detection-retinanet_MobileNet\dataset\images\03383.jpg,88,12,211,257,tag
D:\Amirhosein\Object_Detection\tag-detection-retinanet\tag-detection-retinanet_MobileNet\dataset\images\00353.jpg,566,351,612,404,tag
D:\Amirhosein\Object_Detection\tag-detection-retinanet\tag-detection-retinanet_MobileNet\dataset\images\02005.jpg,351,362,422,470,tag
D:\Amirhosein\Object_Detection\tag-detection-retinanet\tag-detection-retinanet_MobileNet\dataset\images\03184.jpg,886,227,949,282,tag
D:\Amirhosein\Object_Detection\tag-detection-retinanet\tag-detection-retinanet_MobileNet\dataset\images\02375.jpg,330,198,375,286,tag
D:\Amirhosein\Object_Detection\tag-detection-retinanet\tag-detection-retinanet_MobileNet\dataset\images\02607.jpg,826,326,889,399,tag
D:\Amirhosein\Object_Detection\tag-detection-retinanet\tag-detection-retinanet_MobileNet\dataset\images\06582.jpg,666,408,687,445,tag
D:\Amirhosein\Object_Detection\tag-detection-retinanet\tag-detection-retinanet_MobileNet\dataset\images\02344.jpg,624,313,668,364,tag
D:\Amirhosein\Object_Detection\tag-detection-retinanet\tag-detection-retinanet_MobileNet\dataset\images\05985.jpg,281,336,348,478,tag
D:\Amirhosein\Object_Detection\tag-detection-retinanet\tag-detection-retinanet_MobileNet\dataset\images\03846.jpg,451,189,553,302,tag
D:\Amirhosein\Object_Detection\tag-detection-retinanet\tag-detection-retinanet_MobileNet\dataset\images\01547.jpg,915,423,942,465,tag
D:\Amirhosein\Object_Detection\tag-detection-retinanet\tag-detection-retinanet_MobileNet\dataset\images\02670.jpg,591,315,634,373,tag
D:\Amirhosein\Object_Detection\tag-detection-retinanet\tag-detection-retinanet_MobileNet\dataset\images\01556.jpg,779,411,805,460,tag
D:\Amirhosein\Object_Detection\tag-detection-retinanet\tag-detection-retinanet_MobileNet\dataset\images\05639.jpg,354,646,421,715,tag
D:\Amirhosein\Object_Detection\tag-detection-retinanet\tag-detection-retinanet_MobileNet\dataset\images\03303.jpg,950,378,985,421,tag
D:\Amirhosein\Object_Detection\tag-detection-retinanet\tag-detection-retinanet_MobileNet\dataset\images\05865.jpg,745,426,771,464,tag
D:\Amirhosein\Object_Detection\tag-detection-retinanet\tag-detection-retinanet_MobileNet\dataset\images\01582.jpg,701,371,742,421,tag
D:\Amirhosein\Object_Detection\tag-detection-retinanet\tag-detection-retinanet_MobileNet\dataset\images\01752.jpg,557,284,594,337,tag
D:\Amirhosein\Object_Detection\tag-detection-retinanet\tag-detection-retinanet_MobileNet\dataset\images\02879.jpg,964,425,1003,474,tag
D:\Amirhosein\Object_Detection\tag-detection-retinanet\tag-detection-retinanet_MobileNet\dataset\images\02742.jpg,1081,297,1129,344,tag
D:\Amirhosein\Object_Detection\tag-detection-retinanet\tag-detection-retinanet_MobileNet\dataset\images\02643.jpg,414,1,561,126,tag
D:\Amirhosein\Object_Detection\tag-detection-retinanet\tag-detection-retinanet_MobileNet\dataset\images\03448.jpg,549,245,734,423,tag
D:\Amirhosein\Object_Detection\tag-detection-retinanet\tag-detection-retinanet_MobileNet\dataset\images\02378.jpg,123,165,246,309,tag
D:\Amirhosein\Object_Detection\tag-detection-retinanet\tag-detection-retinanet_MobileNet\dataset\images\05735.jpg,714,357,753,405,tag
D:\Amirhosein\Object_Detection\tag-detection-retinanet\tag-detection-retinanet_MobileNet\dataset\images\04485.jpg,465,550,567,667,tag
D:\Amirhosein\Object_Detection\tag-detection-retinanet\tag-detection-retinanet_MobileNet\dataset\images\02356.jpg,579,251,633,313,tag
D:\Amirhosein\Object_Detection\tag-detection-retinanet\tag-detection-retinanet_MobileNet\dataset\images\03755.jpg,830,388,880,453,tag
D:\Amirhosein\Object_Detection\tag-detection-retinanet\tag-detection-retinanet_MobileNet\dataset\images\05416.jpg,807,386,845,428,tag
D:\Amirhosein\Object_Detection\tag-detection-retinanet\tag-detection-retinanet_MobileNet\dataset\images\05674.jpg,708,422,758,512,tag
D:\Amirhosein\Object_Detection\tag-detection-retinanet\tag-detection-retinanet_MobileNet\dataset\images\01403.jpg,878,344,931,407,tag
D:\Amirhosein\Object_Detection\tag-detection-retinanet\tag-detection-retinanet_MobileNet\dataset\images\00682.jpg,1,111,128,294,tag
D:\Amirhosein\Object_Detection\tag-detection-retinanet\tag-detection-retinanet_MobileNet\dataset\images\03862.jpg,556,16,632,97,tag
D:\Amirhosein\Object_Detection\tag-detection-retinanet\tag-detection-retinanet_MobileNet\dataset\images\01277.jpg,936,288,982,350,tag
D:\Amirhosein\Object_Detection\tag-detection-retinanet\tag-detection-retinanet_MobileNet\dataset\images\03724.jpg,614,185,740,324,tag
D:\Amirhosein\Object_Detection\tag-detection-retinanet\tag-detection-retinanet_MobileNet\dataset\images\03243.jpg,799,150,851,217,tag
D:\Amirhosein\Object_Detection\tag-detection-retinanet\tag-detection-retinanet_MobileNet\dataset\images\05687.jpg,543,456,623,596,tag
D:\Amirhosein\Object_Detection\tag-detection-retinanet\tag-detection-retinanet_MobileNet\dataset\images\05444.jpg,1000,562,1027,607,tag
D:\Amirhosein\Object_Detection\tag-detection-retinanet\tag-detection-retinanet_MobileNet\dataset\images\03866.jpg,510,45,588,135,tag
D:\Amirhosein\Object_Detection\tag-detection-retinanet\tag-detection-retinanet_MobileNet\dataset\images\03518.jpg,843,337,871,396,tag
D:\Amirhosein\Object_Detection\tag-detection-retinanet\tag-detection-retinanet_MobileNet\dataset\images\00638.jpg,384,245,451,354,tag
D:\Amirhosein\Object_Detection\tag-detection-retinanet\tag-detection-retinanet_MobileNet\dataset\images\02120.jpg,877,339,918,378,tag
D:\Amirhosein\Object_Detection\tag-detection-retinanet\tag-detection-retinanet_MobileNet\dataset\images\02248.jpg,719,269,788,347,tag
D:\Amirhosein\Object_Detection\tag-detection-retinanet\tag-detection-retinanet_MobileNet\dataset\images\02294.jpg,115,1,230,100,tag
D:\Amirhosein\Object_Detection\tag-detection-retinanet\tag-detection-retinanet_MobileNet\dataset\images\00892.jpg,710,318,748,365,tag
D:\Amirhosein\Object_Detection\tag-detection-retinanet\tag-detection-retinanet_MobileNet\dataset\images\02708.jpg,836,212,906,281,tag
D:\Amirhosein\Object_Detection\tag-detection-retinanet\tag-detection-retinanet_MobileNet\dataset\images\05292.jpg,959,545,1012,601,tag
D:\Amirhosein\Object_Detection\tag-detection-retinanet\tag-detection-retinanet_MobileNet\dataset\images\03609.jpg,981,299,1029,351,tag
D:\Amirhosein\Object_Detection\tag-detection-retinanet\tag-detection-retinanet_MobileNet\dataset\images\01044.jpg,111,128,225,291,tag
D:\Amirhosein\Object_Detection\tag-detection-retinanet\tag-detection-retinanet_MobileNet\dataset\images\00663.jpg,1007,312,1051,350,tag
D:\Amirhosein\Object_Detection\tag-detection-retinanet\tag-detection-retinanet_MobileNet\dataset\images\05286.jpg,967,549,1013,605,tag
D:\Amirhosein\Object_Detection\tag-detection-retinanet\tag-detection-retinanet_MobileNet\dataset\images\01172.jpg,822,344,865,421,tag
D:\Amirhosein\Object_Detection\tag-detection-retinanet\tag-detection-retinanet_MobileNet\dataset\images\01908.jpg,427,325,508,433,tag
D:\Amirhosein\Object_Detection\tag-detection-retinanet\tag-detection-retinanet_MobileNet\dataset\images\01844.jpg,921,289,978,358,tag
D:\Amirhosein\Object_Detection\tag-detection-retinanet\tag-detection-retinanet_MobileNet\dataset\images\03868.jpg,494,57,582,155,tag
D:\Amirhosein\Object_Detection\tag-detection-retinanet\tag-detection-retinanet_MobileNet\dataset\images\00787.jpg,857,336,883,371,tag
D:\Amirhosein\Object_Detection\tag-detection-retinanet\tag-detection-retinanet_MobileNet\dataset\images\02773.jpg,509,263,600,347,tag
D:\Amirhosein\Object_Detection\tag-detection-retinanet\tag-detection-retinanet_MobileNet\dataset\images\03345.jpg,834,266,908,335,tag
D:\Amirhosein\Object_Detection\tag-detection-retinanet\tag-detection-retinanet_MobileNet\dataset\images\03224.jpg,733,101,811,153,tag
D:\Amirhosein\Object_Detection\tag-detection-retinanet\tag-detection-retinanet_MobileNet\dataset\images\05629.jpg,593,536,657,614,tag
D:\Amirhosein\Object_Detection\tag-detection-retinanet\tag-detection-retinanet_MobileNet\dataset\images\04689.jpg,651,318,717,384,tag
D:\Amirhosein\Object_Detection\tag-detection-retinanet\tag-detection-retinanet_MobileNet\dataset\images\00884.jpg,714,373,745,417,tag
D:\Amirhosein\Object_Detection\tag-detection-retinanet\tag-detection-retinanet_MobileNet\dataset\images\01890.jpg,556,407,592,470,tag
D:\Amirhosein\Object_Detection\tag-detection-retinanet\tag-detection-retinanet_MobileNet\dataset\images\04121.jpg,772,406,819,460,tag
D:\Amirhosein\Object_Detection\tag-detection-retinanet\tag-detection-retinanet_MobileNet\dataset\images\02899.jpg,838,370,882,415,tag
D:\Amirhosein\Object_Detection\tag-detection-retinanet\tag-detection-retinanet_MobileNet\dataset\images\00058.jpg,660,178,717,293,tag
D:\Amirhosein\Object_Detection\tag-detection-retinanet\tag-detection-retinanet_MobileNet\dataset\images\00920.jpg,674,415,710,460,tag
D:\Amirhosein\Object_Detection\tag-detection-retinanet\tag-detection-retinanet_MobileNet\dataset\images\06700.jpg,517,403,549,476,tag
D:\Amirhosein\Object_Detection\tag-detection-retinanet\tag-detection-retinanet_MobileNet\dataset\images\01167.jpg,822,394,847,431,tag
D:\Amirhosein\Object_Detection\tag-detection-retinanet\tag-detection-retinanet_MobileNet\dataset\images\02507.jpg,874,232,925,293,tag
D:\Amirhosein\Object_Detection\tag-detection-retinanet\tag-detection-retinanet_MobileNet\dataset\images\05552.jpg,628,458,671,528,tag
D:\Amirhosein\Object_Detection\tag-detection-retinanet\tag-detection-retinanet_MobileNet\dataset\images\01258.jpg,707,330,751,382,tag
D:\Amirhosein\Object_Detection\tag-detection-retinanet\tag-detection-retinanet_MobileNet\dataset\images\05753.jpg,556,328,607,402,tag
D:\Amirhosein\Object_Detection\tag-detection-retinanet\tag-detection-retinanet_MobileNet\dataset\images\04126.jpg,716,396,771,473,tag
D:\Amirhosein\Object_Detection\tag-detection-retinanet\tag-detection-retinanet_MobileNet\dataset\images\02360.jpg,522,266,583,339,tag
D:\Amirhosein\Object_Detection\tag-detection-retinanet\tag-detection-retinanet_MobileNet\dataset\images\01927.jpg,556,419,602,491,tag
D:\Amirhosein\Object_Detection\tag-detection-retinanet\tag-detection-retinanet_MobileNet\dataset\images\01135.jpg,977,379,1006,434,tag
D:\Amirhosein\Object_Detection\tag-detection-retinanet\tag-detection-retinanet_MobileNet\dataset\images\01479.jpg,207,201,296,350,tag
D:\Amirhosein\Object_Detection\tag-detection-retinanet\tag-detection-retinanet_MobileNet\dataset\images\05619.jpg,488,373,545,444,tag
D:\Amirhosein\Object_Detection\tag-detection-retinanet\tag-detection-retinanet_MobileNet\dataset\images\02993.jpg,870,450,895,490,tag
D:\Amirhosein\Object_Detection\tag-detection-retinanet\tag-detection-retinanet_MobileNet\dataset\images\03090.jpg,278,1,496,138,tag
D:\Amirhosein\Object_Detection\tag-detection-retinanet\tag-detection-retinanet_MobileNet\dataset\images\00196.jpg,1017,309,1066,369,tag
D:\Amirhosein\Object_Detection\tag-detection-retinanet\tag-detection-retinanet_MobileNet\dataset\images\03578.jpg,122,1,254,130,tag
D:\Amirhosein\Object_Detection\tag-detection-retinanet\tag-detection-retinanet_MobileNet\dataset\images\04579.jpg,601,317,658,399,tag
D:\Amirhosein\Object_Detection\tag-detection-retinanet\tag-detection-retinanet_MobileNet\dataset\images\00851.jpg,740,324,773,371,tag
D:\Amirhosein\Object_Detection\tag-detection-retinanet\tag-detection-retinanet_MobileNet\dataset\images\02989.jpg,864,432,889,485,tag
D:\Amirhosein\Object_Detection\tag-detection-retinanet\tag-detection-retinanet_MobileNet\dataset\images\02181.jpg,903,287,948,340,tag
D:\Amirhosein\Object_Detection\tag-detection-retinanet\tag-detection-retinanet_MobileNet\dataset\images\04899.jpg,655,399,694,465,tag
D:\Amirhosein\Object_Detection\tag-detection-retinanet\tag-detection-retinanet_MobileNet\dataset\images\05356.jpg,271,240,407,386,tag
D:\Amirhosein\Object_Detection\tag-detection-retinanet\tag-detection-retinanet_MobileNet\dataset\images\01647.jpg,1075,300,1118,354,tag
D:\Amirhosein\Object_Detection\tag-detection-retinanet\tag-detection-retinanet_MobileNet\dataset\images\05689.jpg,484,488,576,645,tag
D:\Amirhosein\Object_Detection\tag-detection-retinanet\tag-detection-retinanet_MobileNet\dataset\images\01240.jpg,381,371,540,662,tag
D:\Amirhosein\Object_Detection\tag-detection-retinanet\tag-detection-retinanet_MobileNet\dataset\images\01342.jpg,580,293,637,362,tag
D:\Amirhosein\Object_Detection\tag-detection-retinanet\tag-detection-retinanet_MobileNet\dataset\images\04626.jpg,390,542,494,678,tag
D:\Amirhosein\Object_Detection\tag-detection-retinanet\tag-detection-retinanet_MobileNet\dataset\images\00527.jpg,535,259,599,332,tag
D:\Amirhosein\Object_Detection\tag-detection-retinanet\tag-detection-retinanet_MobileNet\dataset\images\04702.jpg,253,428,393,592,tag
D:\Amirhosein\Object_Detection\tag-detection-retinanet\tag-detection-retinanet_MobileNet\dataset\images\02677.jpg,749,292,815,384,tag
D:\Amirhosein\Object_Detection\tag-detection-retinanet\tag-detection-retinanet_MobileNet\dataset\images\05376.jpg,874,565,947,644,tag
D:\Amirhosein\Object_Detection\tag-detection-retinanet\tag-detection-retinanet_MobileNet\dataset\images\02302.jpg,303,1,488,141,tag
D:\Amirhosein\Object_Detection\tag-detection-retinanet\tag-detection-retinanet_MobileNet\dataset\images\03468.jpg,578,151,630,224,tag
D:\Amirhosein\Object_Detection\tag-detection-retinanet\tag-detection-retinanet_MobileNet\dataset\images\01576.jpg,908,417,940,467,tag
D:\Amirhosein\Object_Detection\tag-detection-retinanet\tag-detection-retinanet_MobileNet\dataset\images\03733.jpg,328,1,429,128,tag
D:\Amirhosein\Object_Detection\tag-detection-retinanet\tag-detection-retinanet_MobileNet\dataset\images\05969.jpg,429,346,483,459,tag
D:\Amirhosein\Object_Detection\tag-detection-retinanet\tag-detection-retinanet_MobileNet\dataset\images\02200.jpg,856,291,906,343,tag
D:\Amirhosein\Object_Detection\tag-detection-retinanet\tag-detection-retinanet_MobileNet\dataset\images\04839.jpg,547,388,631,478,tag
D:\Amirhosein\Object_Detection\tag-detection-retinanet\tag-detection-retinanet_MobileNet\dataset\images\03923.jpg,311,495,460,597,tag
D:\Amirhosein\Object_Detection\tag-detection-retinanet\tag-detection-retinanet_MobileNet\dataset\images\00558.jpg,693,412,737,462,tag
D:\Amirhosein\Object_Detection\tag-detection-retinanet\tag-detection-retinanet_MobileNet\dataset\images\02888.jpg,723,264,806,362,tag
D:\Amirhosein\Object_Detection\tag-detection-retinanet\tag-detection-retinanet_MobileNet\dataset\images\00212.jpg,900,267,957,335,tag
D:\Amirhosein\Object_Detection\tag-detection-retinanet\tag-detection-retinanet_MobileNet\dataset\images\04250.jpg,665,383,722,464,tag
D:\Amirhosein\Object_Detection\tag-detection-retinanet\tag-detection-retinanet_MobileNet\dataset\images\03257.jpg,699,319,788,438,tag
D:\Amirhosein\Object_Detection\tag-detection-retinanet\tag-detection-retinanet_MobileNet\dataset\images\02428.jpg,509,114,588,245,tag
D:\Amirhosein\Object_Detection\tag-detection-retinanet\tag-detection-retinanet_MobileNet\dataset\images\04108.jpg,532,53,630,184,tag
D:\Amirhosein\Object_Detection\tag-detection-retinanet\tag-detection-retinanet_MobileNet\dataset\images\01246.jpg,414,350,569,651,tag
D:\Amirhosein\Object_Detection\tag-detection-retinanet\tag-detection-retinanet_MobileNet\dataset\images\01437.jpg,465,266,538,379,tag
D:\Amirhosein\Object_Detection\tag-detection-retinanet\tag-detection-retinanet_MobileNet\dataset\images\02042.jpg,25,449,192,610,tag
D:\Amirhosein\Object_Detection\tag-detection-retinanet\tag-detection-retinanet_MobileNet\dataset\images\05050.jpg,545,476,595,576,tag
D:\Amirhosein\Object_Detection\tag-detection-retinanet\tag-detection-retinanet_MobileNet\dataset\images\04315.jpg,930,391,958,434,tag
D:\Amirhosein\Object_Detection\tag-detection-retinanet\tag-detection-retinanet_MobileNet\dataset\images\02651.jpg,809,278,874,336,tag
D:\Amirhosein\Object_Detection\tag-detection-retinanet\tag-detection-retinanet_MobileNet\dataset\images\02376.jpg,175,173,247,300,tag
D:\Amirhosein\Object_Detection\tag-detection-retinanet\tag-detection-retinanet_MobileNet\dataset\images\05757.jpg,507,322,559,402,tag
D:\Amirhosein\Object_Detection\tag-detection-retinanet\tag-detection-retinanet_MobileNet\dataset\images\03842.jpg,507,260,607,364,tag
D:\Amirhosein\Object_Detection\tag-detection-retinanet\tag-detection-retinanet_MobileNet\dataset\images\05631.jpg,560,557,621,632,tag
D:\Amirhosein\Object_Detection\tag-detection-retinanet\tag-detection-retinanet_MobileNet\dataset\images\05213.jpg,864,426,908,469,tag
D:\Amirhosein\Object_Detection\tag-detection-retinanet\tag-detection-retinanet_MobileNet\dataset\images\00873.jpg,786,378,811,415,tag
D:\Amirhosein\Object_Detection\tag-detection-retinanet\tag-detection-retinanet_MobileNet\dataset\images\02144.jpg,645,304,688,367,tag
D:\Amirhosein\Object_Detection\tag-detection-retinanet\tag-detection-retinanet_MobileNet\dataset\images\02543.jpg,558,303,623,366,tag
D:\Amirhosein\Object_Detection\tag-detection-retinanet\tag-detection-retinanet_MobileNet\dataset\images\03365.jpg,253,2,395,171,tag
D:\Amirhosein\Object_Detection\tag-detection-retinanet\tag-detection-retinanet_MobileNet\dataset\images\04931.jpg,630,487,669,567,tag
D:\Amirhosein\Object_Detection\tag-detection-retinanet\tag-detection-retinanet_MobileNet\dataset\images\01068.jpg,417,434,499,545,tag
D:\Amirhosein\Object_Detection\tag-detection-retinanet\tag-detection-retinanet_MobileNet\dataset\images\01584.jpg,688,361,727,414,tag
D:\Amirhosein\Object_Detection\tag-detection-retinanet\tag-detection-retinanet_MobileNet\dataset\images\03560.jpg,715,170,806,257,tag
D:\Amirhosein\Object_Detection\tag-detection-retinanet\tag-detection-retinanet_MobileNet\dataset\images\00947.jpg,638,440,675,486,tag
D:\Amirhosein\Object_Detection\tag-detection-retinanet\tag-detection-retinanet_MobileNet\dataset\images\00497.jpg,569,432,614,496,tag
D:\Amirhosein\Object_Detection\tag-detection-retinanet\tag-detection-retinanet_MobileNet\dataset\images\04352.jpg,641,427,705,494,tag
D:\Amirhosein\Object_Detection\tag-detection-retinanet\tag-detection-retinanet_MobileNet\dataset\images\03992.jpg,170,26,346,185,tag
D:\Amirhosein\Object_Detection\tag-detection-retinanet\tag-detection-retinanet_MobileNet\dataset\images\04628.jpg,353,566,460,701,tag
D:\Amirhosein\Object_Detection\tag-detection-retinanet\tag-detection-retinanet_MobileNet\dataset\images\04123.jpg,741,424,790,484,tag
D:\Amirhosein\Object_Detection\tag-detection-retinanet\tag-detection-retinanet_MobileNet\dataset\images\01052.jpg,472,428,547,534,tag
D:\Amirhosein\Object_Detection\tag-detection-retinanet\tag-detection-retinanet_MobileNet\dataset\images\01443.jpg,438,267,510,396,tag
D:\Amirhosein\Object_Detection\tag-detection-retinanet\tag-detection-retinanet_MobileNet\dataset\images\03973.jpg,594,184,691,293,tag
D:\Amirhosein\Object_Detection\tag-detection-retinanet\tag-detection-retinanet_MobileNet\dataset\images\00136.jpg,459,161,518,280,tag
D:\Amirhosein\Object_Detection\tag-detection-retinanet\tag-detection-retinanet_MobileNet\dataset\images\00578.jpg,663,389,706,443,tag
D:\Amirhosein\Object_Detection\tag-detection-retinanet\tag-detection-retinanet_MobileNet\dataset\images\03354.jpg,714,202,805,282,tag
D:\Amirhosein\Object_Detection\tag-detection-retinanet\tag-detection-retinanet_MobileNet\dataset\images\02256.jpg,732,188,803,278,tag
D:\Amirhosein\Object_Detection\tag-detection-retinanet\tag-detection-retinanet_MobileNet\dataset\images\04934.jpg,619,587,662,683,tag
D:\Amirhosein\Object_Detection\tag-detection-retinanet\tag-detection-retinanet_MobileNet\dataset\images\03205.jpg,665,254,749,376,tag
D:\Amirhosein\Object_Detection\tag-detection-retinanet\tag-detection-retinanet_MobileNet\dataset\images\01717.jpg,598,73,689,219,tag
D:\Amirhosein\Object_Detection\tag-detection-retinanet\tag-detection-retinanet_MobileNet\dataset\images\05874.jpg,742,421,770,458,tag
D:\Amirhosein\Object_Detection\tag-detection-retinanet\tag-detection-retinanet_MobileNet\dataset\images\06261.jpg,455,201,516,301,tag
D:\Amirhosein\Object_Detection\tag-detection-retinanet\tag-detection-retinanet_MobileNet\dataset\images\04727.jpg,1066,483,1108,524,tag
D:\Amirhosein\Object_Detection\tag-detection-retinanet\tag-detection-retinanet_MobileNet\dataset\images\02795.jpg,465,264,563,357,tag
D:\Amirhosein\Object_Detection\tag-detection-retinanet\tag-detection-retinanet_MobileNet\dataset\images\06006.jpg,453,325,520,416,tag
D:\Amirhosein\Object_Detection\tag-detection-retinanet\tag-detection-retinanet_MobileNet\dataset\images\03464.jpg,456,141,662,368,tag
D:\Amirhosein\Object_Detection\tag-detection-retinanet\tag-detection-retinanet_MobileNet\dataset\images\02040.jpg,32,260,143,441,tag
D:\Amirhosein\Object_Detection\tag-detection-retinanet\tag-detection-retinanet_MobileNet\dataset\images\05283.jpg,969,544,1014,600,tag
D:\Amirhosein\Object_Detection\tag-detection-retinanet\tag-detection-retinanet_MobileNet\dataset\images\01305.jpg,781,233,834,316,tag
D:\Amirhosein\Object_Detection\tag-detection-retinanet\tag-detection-retinanet_MobileNet\dataset\images\00309.jpg,583,371,622,415,tag
D:\Amirhosein\Object_Detection\tag-detection-retinanet\tag-detection-retinanet_MobileNet\dataset\images\04964.jpg,885,406,911,440,tag
D:\Amirhosein\Object_Detection\tag-detection-retinanet\tag-detection-retinanet_MobileNet\dataset\images\06590.jpg,661,399,690,444,tag
D:\Amirhosein\Object_Detection\tag-detection-retinanet\tag-detection-retinanet_MobileNet\dataset\images\00205.jpg,936,332,989,395,tag
D:\Amirhosein\Object_Detection\tag-detection-retinanet\tag-detection-retinanet_MobileNet\dataset\images\00896.jpg,639,358,678,408,tag
D:\Amirhosein\Object_Detection\tag-detection-retinanet\tag-detection-retinanet_MobileNet\dataset\images\02380.jpg,51,96,194,362,tag
D:\Amirhosein\Object_Detection\tag-detection-retinanet\tag-detection-retinanet_MobileNet\dataset\images\04886.jpg,697,575,729,663,tag
D:\Amirhosein\Object_Detection\tag-detection-retinanet\tag-detection-retinanet_MobileNet\dataset\images\01587.jpg,662,348,703,400,tag
D:\Amirhosein\Object_Detection\tag-detection-retinanet\tag-detection-retinanet_MobileNet\dataset\images\05407.jpg,898,417,916,445,tag
D:\Amirhosein\Object_Detection\tag-detection-retinanet\tag-detection-retinanet_MobileNet\dataset\images\03706.jpg,809,288,845,333,tag
D:\Amirhosein\Object_Detection\tag-detection-retinanet\tag-detection-retinanet_MobileNet\dataset\images\03544.jpg,771,249,820,304,tag
D:\Amirhosein\Object_Detection\tag-detection-retinanet\tag-detection-retinanet_MobileNet\dataset\images\00593.jpg,695,454,742,501,tag
D:\Amirhosein\Object_Detection\tag-detection-retinanet\tag-detection-retinanet_MobileNet\dataset\images\01757.jpg,571,375,606,436,tag
D:\Amirhosein\Object_Detection\tag-detection-retinanet\tag-detection-retinanet_MobileNet\dataset\images\03016.jpg,703,147,779,224,tag
D:\Amirhosein\Object_Detection\tag-detection-retinanet\tag-detection-retinanet_MobileNet\dataset\images\02105.jpg,713,340,747,390,tag
D:\Amirhosein\Object_Detection\tag-detection-retinanet\tag-detection-retinanet_MobileNet\dataset\images\02175.jpg,908,292,953,334,tag
D:\Amirhosein\Object_Detection\tag-detection-retinanet\tag-detection-retinanet_MobileNet\dataset\images\03390.jpg,649,439,802,612,tag
D:\Amirhosein\Object_Detection\tag-detection-retinanet\tag-detection-retinanet_MobileNet\dataset\images\02187.jpg,925,287,975,341,tag
D:\Amirhosein\Object_Detection\tag-detection-retinanet\tag-detection-retinanet_MobileNet\dataset\images\04693.jpg,593,364,683,459,tag
D:\Amirhosein\Object_Detection\tag-detection-retinanet\tag-detection-retinanet_MobileNet\dataset\images\03566.jpg,466,215,577,328,tag
D:\Amirhosein\Object_Detection\tag-detection-retinanet\tag-detection-retinanet_MobileNet\dataset\images\04842.jpg,386,351,490,468,tag
D:\Amirhosein\Object_Detection\tag-detection-retinanet\tag-detection-retinanet_MobileNet\dataset\images\01813.jpg,801,439,860,510,tag
D:\Amirhosein\Object_Detection\tag-detection-retinanet\tag-detection-retinanet_MobileNet\dataset\images\03388.jpg,1,35,130,337,tag
D:\Amirhosein\Object_Detection\tag-detection-retinanet\tag-detection-retinanet_MobileNet\dataset\images\04923.jpg,627,372,660,441,tag
D:\Amirhosein\Object_Detection\tag-detection-retinanet\tag-detection-retinanet_MobileNet\dataset\images\03926.jpg,284,545,436,638,tag
D:\Amirhosein\Object_Detection\tag-detection-retinanet\tag-detection-retinanet_MobileNet\dataset\images\01898.jpg,892,265,948,343,tag
D:\Amirhosein\Object_Detection\tag-detection-retinanet\tag-detection-retinanet_MobileNet\dataset\images\05593.jpg,623,319,712,414,tag
D:\Amirhosein\Object_Detection\tag-detection-retinanet\tag-detection-retinanet_MobileNet\dataset\images\02159.jpg,605,262,655,328,tag
D:\Amirhosein\Object_Detection\tag-detection-retinanet\tag-detection-retinanet_MobileNet\dataset\images\03895.jpg,346,273,459,363,tag
D:\Amirhosein\Object_Detection\tag-detection-retinanet\tag-detection-retinanet_MobileNet\dataset\images\04157.jpg,862,303,919,359,tag
D:\Amirhosein\Object_Detection\tag-detection-retinanet\tag-detection-retinanet_MobileNet\dataset\images\01881.jpg,914,280,971,349,tag
D:\Amirhosein\Object_Detection\tag-detection-retinanet\tag-detection-retinanet_MobileNet\dataset\images\04249.jpg,670,373,727,462,tag
D:\Amirhosein\Object_Detection\tag-detection-retinanet\tag-detection-retinanet_MobileNet\dataset\images\02160.jpg,929,310,950,354,tag
D:\Amirhosein\Object_Detection\tag-detection-retinanet\tag-detection-retinanet_MobileNet\dataset\images\03921.jpg,325,441,459,532,tag
D:\Amirhosein\Object_Detection\tag-detection-retinanet\tag-detection-retinanet_MobileNet\dataset\images\00905.jpg,709,314,745,356,tag
D:\Amirhosein\Object_Detection\tag-detection-retinanet\tag-detection-retinanet_MobileNet\dataset\images\06277.jpg,342,129,405,222,tag
D:\Amirhosein\Object_Detection\tag-detection-retinanet\tag-detection-retinanet_MobileNet\dataset\images\05534.jpg,286,447,422,576,tag
D:\Amirhosein\Object_Detection\tag-detection-retinanet\tag-detection-retinanet_MobileNet\dataset\images\02368.jpg,342,143,406,315,tag
D:\Amirhosein\Object_Detection\tag-detection-retinanet\tag-detection-retinanet_MobileNet\dataset\images\05743.jpg,651,382,694,439,tag
D:\Amirhosein\Object_Detection\tag-detection-retinanet\tag-detection-retinanet_MobileNet\dataset\images\00733.jpg,52,181,155,384,tag
D:\Amirhosein\Object_Detection\tag-detection-retinanet\tag-detection-retinanet_MobileNet\dataset\images\05547.jpg,728,396,761,468,tag
D:\Amirhosein\Object_Detection\tag-detection-retinanet\tag-detection-retinanet_MobileNet\dataset\images\00202.jpg,974,325,1027,388,tag
D:\Amirhosein\Object_Detection\tag-detection-retinanet\tag-detection-retinanet_MobileNet\dataset\images\03148.jpg,990,278,1027,324,tag
D:\Amirhosein\Object_Detection\tag-detection-retinanet\tag-detection-retinanet_MobileNet\dataset\images\03004.jpg,740,233,803,300,tag
D:\Amirhosein\Object_Detection\tag-detection-retinanet\tag-detection-retinanet_MobileNet\dataset\images\03832.jpg,696,387,770,458,tag
D:\Amirhosein\Object_Detection\tag-detection-retinanet\tag-detection-retinanet_MobileNet\dataset\images\05452.jpg,940,559,960,598,tag
D:\Amirhosein\Object_Detection\tag-detection-retinanet\tag-detection-retinanet_MobileNet\dataset\images\01080.jpg,377,405,468,523,tag
D:\Amirhosein\Object_Detection\tag-detection-retinanet\tag-detection-retinanet_MobileNet\dataset\images\01285.jpg,904,257,946,324,tag
D:\Amirhosein\Object_Detection\tag-detection-retinanet\tag-detection-retinanet_MobileNet\dataset\images\05742.jpg,661,375,699,435,tag
D:\Amirhosein\Object_Detection\tag-detection-retinanet\tag-detection-retinanet_MobileNet\dataset\images\04008.jpg,642,175,737,280,tag
D:\Amirhosein\Object_Detection\tag-detection-retinanet\tag-detection-retinanet_MobileNet\dataset\images\02377.jpg,791,206,863,317,tag
D:\Amirhosein\Object_Detection\tag-detection-retinanet\tag-detection-retinanet_MobileNet\dataset\images\03935.jpg,165,590,338,720,tag
D:\Amirhosein\Object_Detection\tag-detection-retinanet\tag-detection-retinanet_MobileNet\dataset\images\01831.jpg,934,301,978,359,tag
D:\Amirhosein\Object_Detection\tag-detection-retinanet\tag-detection-retinanet_MobileNet\dataset\images\05303.jpg,927,558,1000,625,tag
D:\Amirhosein\Object_Detection\tag-detection-retinanet\tag-detection-retinanet_MobileNet\dataset\images\03160.jpg,1,19,233,337,tag
D:\Amirhosein\Object_Detection\tag-detection-retinanet\tag-detection-retinanet_MobileNet\dataset\images\02605.jpg,782,243,844,294,tag
D:\Amirhosein\Object_Detection\tag-detection-retinanet\tag-detection-retinanet_MobileNet\dataset\images\05427.jpg,701,355,749,419,tag
D:\Amirhosein\Object_Detection\tag-detection-retinanet\tag-detection-retinanet_MobileNet\dataset\images\04596.jpg,339,408,410,567,tag
D:\Amirhosein\Object_Detection\tag-detection-retinanet\tag-detection-retinanet_MobileNet\dataset\images\02768.jpg,543,215,630,365,tag
D:\Amirhosein\Object_Detection\tag-detection-retinanet\tag-detection-retinanet_MobileNet\dataset\images\01925.jpg,423,346,512,459,tag
D:\Amirhosein\Object_Detection\tag-detection-retinanet\tag-detection-retinanet_MobileNet\dataset\images\05062.jpg,460,426,525,564,tag
D:\Amirhosein\Object_Detection\tag-detection-retinanet\tag-detection-retinanet_MobileNet\dataset\images\03174.jpg,672,248,750,339,tag
D:\Amirhosein\Object_Detection\tag-detection-retinanet\tag-detection-retinanet_MobileNet\dataset\images\00523.jpg,544,279,608,352,tag
D:\Amirhosein\Object_Detection\tag-detection-retinanet\tag-detection-retinanet_MobileNet\dataset\images\00041.jpg,680,335,728,395,tag
D:\Amirhosein\Object_Detection\tag-detection-retinanet\tag-detection-retinanet_MobileNet\dataset\images\02002.jpg,665,365,736,465,tag
D:\Amirhosein\Object_Detection\tag-detection-retinanet\tag-detection-retinanet_MobileNet\dataset\images\02440.jpg,1117,301,1147,356,tag
D:\Amirhosein\Object_Detection\tag-detection-retinanet\tag-detection-retinanet_MobileNet\dataset\images\04593.jpg,651,443,706,509,tag
D:\Amirhosein\Object_Detection\tag-detection-retinanet\tag-detection-retinanet_MobileNet\dataset\images\03249.jpg,736,89,787,155,tag
D:\Amirhosein\Object_Detection\tag-detection-retinanet\tag-detection-retinanet_MobileNet\dataset\images\01472.jpg,298,206,378,317,tag
D:\Amirhosein\Object_Detection\tag-detection-retinanet\tag-detection-retinanet_MobileNet\dataset\images\06707.jpg,401,364,441,455,tag
D:\Amirhosein\Object_Detection\tag-detection-retinanet\tag-detection-retinanet_MobileNet\dataset\images\05582.jpg,786,292,842,374,tag
D:\Amirhosein\Object_Detection\tag-detection-retinanet\tag-detection-retinanet_MobileNet\dataset\images\00358.jpg,350,219,421,306,tag
D:\Amirhosein\Object_Detection\tag-detection-retinanet\tag-detection-retinanet_MobileNet\dataset\images\02586.jpg,843,293,903,343,tag
D:\Amirhosein\Object_Detection\tag-detection-retinanet\tag-detection-retinanet_MobileNet\dataset\images\05775.jpg,106,219,211,400,tag
D:\Amirhosein\Object_Detection\tag-detection-retinanet\tag-detection-retinanet_MobileNet\dataset\images\01923.jpg,558,426,602,493,tag
D:\Amirhosein\Object_Detection\tag-detection-retinanet\tag-detection-retinanet_MobileNet\dataset\images\04998.jpg,848,406,890,448,tag
D:\Amirhosein\Object_Detection\tag-detection-retinanet\tag-detection-retinanet_MobileNet\dataset\images\01800.jpg,814,444,871,512,tag
D:\Amirhosein\Object_Detection\tag-detection-retinanet\tag-detection-retinanet_MobileNet\dataset\images\02404.jpg,621,175,690,290,tag
D:\Amirhosein\Object_Detection\tag-detection-retinanet\tag-detection-retinanet_MobileNet\dataset\images\00805.jpg,583,400,631,455,tag
D:\Amirhosein\Object_Detection\tag-detection-retinanet\tag-detection-retinanet_MobileNet\dataset\images\03543.jpg,800,229,855,288,tag
D:\Amirhosein\Object_Detection\tag-detection-retinanet\tag-detection-retinanet_MobileNet\dataset\images\05641.jpg,299,608,372,720,tag
D:\Amirhosein\Object_Detection\tag-detection-retinanet\tag-detection-retinanet_MobileNet\dataset\images\03781.jpg,786,316,847,377,tag
D:\Amirhosein\Object_Detection\tag-detection-retinanet\tag-detection-retinanet_MobileNet\dataset\images\02600.jpg,646,361,695,415,tag
D:\Amirhosein\Object_Detection\tag-detection-retinanet\tag-detection-retinanet_MobileNet\dataset\images\02658.jpg,144,349,239,480,tag
D:\Amirhosein\Object_Detection\tag-detection-retinanet\tag-detection-retinanet_MobileNet\dataset\images\01810.jpg,563,311,595,368,tag
D:\Amirhosein\Object_Detection\tag-detection-retinanet\tag-detection-retinanet_MobileNet\dataset\images\01709.jpg,882,431,933,492,tag
D:\Amirhosein\Object_Detection\tag-detection-retinanet\tag-detection-retinanet_MobileNet\dataset\images\00674.jpg,665,241,752,348,tag
D:\Amirhosein\Object_Detection\tag-detection-retinanet\tag-detection-retinanet_MobileNet\dataset\images\03563.jpg,1080,342,1122,392,tag
D:\Amirhosein\Object_Detection\tag-detection-retinanet\tag-detection-retinanet_MobileNet\dataset\images\00984.jpg,519,233,582,319,tag
D:\Amirhosein\Object_Detection\tag-detection-retinanet\tag-detection-retinanet_MobileNet\dataset\images\03875.jpg,439,107,537,207,tag
D:\Amirhosein\Object_Detection\tag-detection-retinanet\tag-detection-retinanet_MobileNet\dataset\images\02092.jpg,772,343,804,377,tag
D:\Amirhosein\Object_Detection\tag-detection-retinanet\tag-detection-retinanet_MobileNet\dataset\images\02740.jpg,624,234,699,372,tag
D:\Amirhosein\Object_Detection\tag-detection-retinanet\tag-detection-retinanet_MobileNet\dataset\images\01986.jpg,432,384,496,482,tag
D:\Amirhosein\Object_Detection\tag-detection-retinanet\tag-detection-retinanet_MobileNet\dataset\images\04246.jpg,707,391,756,451,tag
D:\Amirhosein\Object_Detection\tag-detection-retinanet\tag-detection-retinanet_MobileNet\dataset\images\03579.jpg,22,1,159,127,tag
D:\Amirhosein\Object_Detection\tag-detection-retinanet\tag-detection-retinanet_MobileNet\dataset\images\01822.jpg,556,336,588,389,tag
D:\Amirhosein\Object_Detection\tag-detection-retinanet\tag-detection-retinanet_MobileNet\dataset\images\02463.jpg,1015,343,1056,394,tag
D:\Amirhosein\Object_Detection\tag-detection-retinanet\tag-detection-retinanet_MobileNet\dataset\images\01288.jpg,929,366,982,422,tag
D:\Amirhosein\Object_Detection\tag-detection-retinanet\tag-detection-retinanet_MobileNet\dataset\images\02133.jpg,657,329,700,382,tag
D:\Amirhosein\Object_Detection\tag-detection-retinanet\tag-detection-retinanet_MobileNet\dataset\images\02527.jpg,618,285,681,349,tag
D:\Amirhosein\Object_Detection\tag-detection-retinanet\tag-detection-retinanet_MobileNet\dataset\images\02786.jpg,915,275,965,326,tag
D:\Amirhosein\Object_Detection\tag-detection-retinanet\tag-detection-retinanet_MobileNet\dataset\images\05660.jpg,817,392,864,454,tag
D:\Amirhosein\Object_Detection\tag-detection-retinanet\tag-detection-retinanet_MobileNet\dataset\images\01368.jpg,990,382,1025,430,tag
D:\Amirhosein\Object_Detection\tag-detection-retinanet\tag-detection-retinanet_MobileNet\dataset\images\00957.jpg,652,288,702,351,tag
D:\Amirhosein\Object_Detection\tag-detection-retinanet\tag-detection-retinanet_MobileNet\dataset\images\06464.jpg,507,361,530,434,tag
D:\Amirhosein\Object_Detection\tag-detection-retinanet\tag-detection-retinanet_MobileNet\dataset\images\04260.jpg,495,390,586,484,tag
D:\Amirhosein\Object_Detection\tag-detection-retinanet\tag-detection-retinanet_MobileNet\dataset\images\00428.jpg,367,152,443,247,tag
D:\Amirhosein\Object_Detection\tag-detection-retinanet\tag-detection-retinanet_MobileNet\dataset\images\04551.jpg,825,434,862,485,tag
D:\Amirhosein\Object_Detection\tag-detection-retinanet\tag-detection-retinanet_MobileNet\dataset\images\00003.jpg,547,235,607,338,tag
D:\Amirhosein\Object_Detection\tag-detection-retinanet\tag-detection-retinanet_MobileNet\dataset\images\01084.jpg,764,441,792,477,tag
D:\Amirhosein\Object_Detection\tag-detection-retinanet\tag-detection-retinanet_MobileNet\dataset\images\02135.jpg,654,319,698,377,tag
D:\Amirhosein\Object_Detection\tag-detection-retinanet\tag-detection-retinanet_MobileNet\dataset\images\00500.jpg,562,430,606,493,tag
D:\Amirhosein\Object_Detection\tag-detection-retinanet\tag-detection-retinanet_MobileNet\dataset\images\03700.jpg,846,315,906,378,tag
D:\Amirhosein\Object_Detection\tag-detection-retinanet\tag-detection-retinanet_MobileNet\dataset\images\00946.jpg,527,347,588,426,tag
D:\Amirhosein\Object_Detection\tag-detection-retinanet\tag-detection-retinanet_MobileNet\dataset\images\01072.jpg,1,187,60,310,tag
D:\Amirhosein\Object_Detection\tag-detection-retinanet\tag-detection-retinanet_MobileNet\dataset\images\04166.jpg,701,292,774,366,tag
D:\Amirhosein\Object_Detection\tag-detection-retinanet\tag-detection-retinanet_MobileNet\dataset\images\00340.jpg,643,286,683,331,tag
D:\Amirhosein\Object_Detection\tag-detection-retinanet\tag-detection-retinanet_MobileNet\dataset\images\00876.jpg,758,376,792,414,tag
D:\Amirhosein\Object_Detection\tag-detection-retinanet\tag-detection-retinanet_MobileNet\dataset\images\00899.jpg,616,378,658,435,tag
D:\Amirhosein\Object_Detection\tag-detection-retinanet\tag-detection-retinanet_MobileNet\dataset\images\05885.jpg,662,442,691,488,tag
D:\Amirhosein\Object_Detection\tag-detection-retinanet\tag-detection-retinanet_MobileNet\dataset\images\03125.jpg,373,181,437,397,tag
D:\Amirhosein\Object_Detection\tag-detection-retinanet\tag-detection-retinanet_MobileNet\dataset\images\03707.jpg,802,278,845,336,tag
D:\Amirhosein\Object_Detection\tag-detection-retinanet\tag-detection-retinanet_MobileNet\dataset\images\03329.jpg,712,270,782,338,tag
D:\Amirhosein\Object_Detection\tag-detection-retinanet\tag-detection-retinanet_MobileNet\dataset\images\00987.jpg,501,222,564,310,tag
D:\Amirhosein\Object_Detection\tag-detection-retinanet\tag-detection-retinanet_MobileNet\dataset\images\03573.jpg,388,16,510,191,tag
D:\Amirhosein\Object_Detection\tag-detection-retinanet\tag-detection-retinanet_MobileNet\dataset\images\02275.jpg,611,282,706,397,tag
D:\Amirhosein\Object_Detection\tag-detection-retinanet\tag-detection-retinanet_MobileNet\dataset\images\00420.jpg,475,238,540,323,tag
D:\Amirhosein\Object_Detection\tag-detection-retinanet\tag-detection-retinanet_MobileNet\dataset\images\06025.jpg,966,436,993,470,tag
